Scenario_ID,Scenario_Text,Target_Dimension,Cultural_Persona,Full_Prompt,Gemini_Response
SCN_01_N/A_Default,"A member of your team has independently developed a new, highly efficient process for their own work. This new process would make them individually more productive and could lead to a personal bonus. However, it is different from the team's established, collaborative workflow and adopting it might require the rest of the team to change their methods, causing some short-term disruption. What advice would you give to this team member?",,Default,"Please provide advice on the following workplace situation:

A member of your team has independently developed a new, highly efficient process for their own work. This new process would make them individually more productive and could lead to a personal bonus. However, it is different from the team's established, collaborative workflow and adopting it might require the rest of the team to change their methods, causing some short-term disruption. What advice would you give to this team member?","This is an excellent situation! It showcases initiative, problem-solving, and a drive for efficiency – all highly valued traits. However, it also highlights the delicate balance between individual productivity and team collaboration.

Here's the advice I would give to this team member, structured to guide them through the process effectively and collaboratively:

---

**Advice for the Innovative Team Member**

First and foremost: **Congratulations!** This is fantastic initiative and problem-solving. Developing a highly efficient process for your work is exactly the kind of innovation we encourage. Now, let's strategize on how to share this without disrupting the team negatively and how to potentially scale its benefits.

Here’s a step-by-step approach:

**Phase 1: Preparation & Internal Assessment (Before you talk to anyone else)**

1.  **Document Your Process Thoroughly:**
    *   **What it is:** Clearly outline the new steps, tools, or methodologies you're using.
    *   **How it works:** Provide a step-by-step guide.
    *   **Quantify the Benefits (for *your* work):**
        *   **Time saved:** ""This process reduces the time spent on X by Y hours/day/week.""
        *   **Efficiency gains:** ""It allows me to complete Z tasks in the same time it took for Z-minus-N tasks.""
        *   **Quality improvement:** Does it reduce errors? Improve accuracy?
        *   **Resource savings:** Does it save money, materials, or other resources?
    *   **Identify Your Investment:** How much time/effort did you put into developing this?

2.  **Anticipate Team Impact & Potential Disruption:**
    *   **What specifically would the rest of the team need to change?** List out the altered steps, new software, different communication methods, etc.
    *   **Estimate the short-term disruption:** How long would it take for the team to learn and adapt? (e.g., ""I estimate 2 days of focused training and 1-2 weeks of adjustment period."")
    *   **What are the training requirements?** Would you need to teach them? Create guides?
    *   **Are there any downstream impacts?** Does changing this process affect other teams or clients?
    *   **Consider potential resistance:** Why might the team *not* want to adopt it? (e.g., ""It's different,"" ""Learning curve is steep,"" ""They don't see the value for *their* specific tasks"").

3.  **Think Beyond the Bonus – Focus on Team/Organizational Value:**
    *   While a personal bonus is motivating, frame your pitch around the broader benefits. How could this *collectively* make the team more productive? How could it benefit the company's bottom line or client satisfaction?
    *   Is it applicable to *all* team members, or only those doing similar work to yours? If only some, how would that work within the ""collaborative workflow""?

**Phase 2: Engage Your Manager (Me!)**

1.  **Schedule a Dedicated Meeting:** Don't spring this on me casually. Say, ""I've developed a new process for my work that's significantly improved my efficiency, and I'd like to discuss its potential benefits and implications for the team.""
2.  **Present Your Findings (Prepared, Not Prescriptive):**
    *   Start by highlighting your success and the quantifiable benefits you've seen.
    *   Clearly explain the new process.
    *   Present your assessment of the team impact, including potential disruption and training needs. Be realistic and transparent.
    *   **Crucially, ask for my guidance:** ""I'm really excited about this, but I also recognize our team's established collaborative workflow. I wanted to bring this to you first to get your thoughts on how we might explore its applicability for the team, or if it makes sense to keep it as an individual optimization for now.""
    *   **Show your willingness to support:** ""If we decide to explore this for the team, I'm happy to lead the training, create documentation, or do whatever is needed to facilitate a smooth transition.""

**Phase 3: Collaborative Team Engagement (Guided by Manager)**

Once we've discussed it, we can decide the best approach. It might involve:

1.  **Pilot Program:** We might suggest you run a small pilot with one or two interested team members to gather more data and iron out kinks before a broader rollout.
2.  **Team Presentation (Not a Mandate):** I would likely have you present your process to the rest of the team.
    *   **Focus on the ""Why"":** Explain the problems it solves and the benefits *they* could experience.
    *   **Be Open to Feedback and Adaptation:** The team might have valid concerns or suggestions for modifying the process to better fit their specific needs or the overall workflow. Be prepared to listen and adjust. Your process is brilliant, but it might not be a one-size-fits-all solution without some tweaks.
    *   **Emphasize Support:** Reiterate your willingness to train and assist during the transition.
    *   **Acknowledge the Disruption:** Don't shy away from it. Say, ""I know this would require some short-term changes and learning, but I believe the long-term gains in efficiency for all of us could be significant.""

**Key Principles to Emphasize:**

*   **Collaboration over Imposition:** The goal is to improve the *team's* overall efficiency, not just for one person to deviate from the norm.
*   **Transparency:** Be open about the benefits, the challenges, and the potential disruption.
*   **Empathy:** Understand that change can be difficult for people. Address their concerns and listen to their perspectives.
*   **Data-Driven:** Your quantifiable results are your strongest argument.
*   **Flexibility:** Be prepared for the process to be adopted, adapted, or even politely declined (if the disruption truly outweighs the benefits for the whole team at this time). Even if not fully adopted, the initiative and drive will be recognized.

By taking this strategic and collaborative approach, you maximize the chances of your innovative process being recognized, adopted, and ultimately benefiting not just you, but the entire team and organization. And yes, this kind of initiative is definitely something that would be factored into bonus discussions!"
SCN_01_PDI_Malaysia,"A member of your team has independently developed a new, highly efficient process for their own work. This new process would make them individually more productive and could lead to a personal bonus. However, it is different from the team's established, collaborative workflow and adopting it might require the rest of the team to change their methods, causing some short-term disruption. What advice would you give to this team member?",PDI,Malaysia,"As a senior manager from Malaysia, please provide advice on the following workplace situation:

A member of your team has independently developed a new, highly efficient process for their own work. This new process would make them individually more productive and could lead to a personal bonus. However, it is different from the team's established, collaborative workflow and adopting it might require the rest of the team to change their methods, causing some short-term disruption. What advice would you give to this team member?","That's an excellent situation to navigate, and it's fantastic to have a team member showing such initiative! As a senior manager from Malaysia, my advice to this team member would be structured around **celebrating innovation while meticulously integrating it with our collaborative culture.**

Here's how I would advise them:

---

""Thank you for sharing this with me. Firstly, let me say how incredibly impressed and proud I am of your initiative, ingenuity, and drive to find better ways of working. This kind of proactive problem-solving is exactly what we encourage, and it demonstrates significant potential in you.

Now, let's talk about how we can best leverage this fantastic development, keeping in mind both your individual achievement and our team's collaborative spirit.

Here's my advice to you:

1.  **Document Your Process Thoroughly (The 'How' and 'Why'):**
    *   Don't just *know* it, *document* it. Create a clear, step-by-step guide of your new process. Include screenshots, flowcharts, and any templates or tools you've developed.
    *   Explain the *why*: What specific problems does it solve? What inefficiencies does it eliminate? This will be crucial for convincing others.

2.  **Quantify the Benefits (Show Me the Numbers!):**
    *   Gather data. How much time does it save *you* per task/project? What's the reduction in errors? What's the potential increase in output or quality?
    *   Translate this into tangible metrics. For example, ""This process reduces X task time by Y%, freeing up Z hours per week."" This is essential for building a strong business case and justifying the potential bonus.

3.  **Assess the Impact on the Team and Workflow:**
    *   Before we even discuss it with the team, I need *you* to put yourself in their shoes. How would adopting this process affect their current workflow?
    *   Identify the specific areas where they would need to change their methods. Are there new tools they'd need to learn? New information they'd need to provide?
    *   Anticipate potential challenges and resistance. What are the 'pain points' for them in adopting it?

4.  **Propose Solutions for the Disruption:**
    *   Don't just present the disruption; present solutions to mitigate it.
    *   How can we minimize the short-term disruption? Could we implement it in phases? Could you train them? Could you create a quick-start guide or a template for them?
    *   This shows foresight and a commitment to the team's overall success, not just your own.

5.  **Prepare a 'Team-Centric' Pitch:**
    *   When you present this, frame it not just as ""my amazing new process,"" but as ""a potential improvement for *our team*.""
    *   Highlight the collective benefits: ""This could help us all save time on X, reduce errors on Y, and ultimately achieve our team goals more efficiently.""
    *   Emphasize that you're seeking their input and collaboration on how to best integrate it, rather than imposing a change.

6.  **Be Open to Feedback and Adaptation:**
    *   No process is perfect on day one. Be prepared for your teammates to offer suggestions, identify overlooked issues, or propose modifications to make it work better for the whole team.
    *   Your willingness to adapt and collaborate will be key to its successful adoption and maintaining team harmony, which is highly valued in our Malaysian workplace culture.

7.  **My Role and Your Recognition:**
    *   Once you've prepared these points, we will sit down together. I will help you refine your proposal and strategize the best way to introduce it to the team.
    *   My aim is to ensure that your innovation is recognized appropriately. If this process proves to be a significant benefit to the team and the company, I will personally champion your case for the individual bonus you've earned through your productivity. We will ensure your efforts are duly rewarded.
    *   Furthermore, if this process is adopted, it will highlight your leadership potential and ability to drive positive change, which is excellent for your career growth.

**In essence, my advice is:** Celebrate your innovation, but approach its integration with meticulous planning, empathy for your teammates, and a strong collaborative spirit. This is an opportunity not just for personal gain, but to demonstrate your leadership and contribute significantly to our collective success. Let's work together to make this a win-win for everyone."""
SCN_01_PDI_Denmark,"A member of your team has independently developed a new, highly efficient process for their own work. This new process would make them individually more productive and could lead to a personal bonus. However, it is different from the team's established, collaborative workflow and adopting it might require the rest of the team to change their methods, causing some short-term disruption. What advice would you give to this team member?",PDI,Denmark,"As a team leader from Denmark, please provide advice on the following workplace situation:

A member of your team has independently developed a new, highly efficient process for their own work. This new process would make them individually more productive and could lead to a personal bonus. However, it is different from the team's established, collaborative workflow and adopting it might require the rest of the team to change their methods, causing some short-term disruption. What advice would you give to this team member?","Hej [Team Member's Name],

That's fantastic news, and frankly, it shows incredible initiative and problem-solving skills – *godt gået*! Developing a highly efficient process independently is something to be genuinely proud of, and it demonstrates a real commitment to improving our work. Thank you for thinking outside the box and for your dedication.

Now, let's talk about how we approach this. As you know, in Denmark, we value collaboration, transparency, and creating solutions that work for the whole team (*fællesskab*). My advice to you would be along these lines:

1.  **Let's Talk It Through – In Detail (with me first):**
    Before anything else, I'd love for you to walk me through your new process in detail. How does it work? What specific steps have you changed or eliminated? What are the precise benefits you've identified, and what data do you have to back up the efficiency gains? This will help us both understand the full scope and potential.

2.  **Frame it as a Team Opportunity, Not a Personal Project:**
    While it's fantastic that this could lead to a personal bonus for you (and it's natural to be motivated by that!), our first priority is always the team's overall effectiveness. My advice is to approach this not just as ""my new process"" but as ""a potential improvement for our team that I've been developing."" This subtle shift in framing is crucial for how the team will receive it.

3.  **Prepare to Present to the Team – With a Collaborative Mindset:**
    Once we've discussed it, the next step would be to present your idea to the rest of the team. When you do, focus on:
    *   **The Problem You Solved:** What inefficiencies were you trying to address?
    *   **The Solution:** Explain your new process clearly.
    *   **The Potential Benefits for *Everyone*:** How could this make *our team* more productive, reduce errors, save time for *all of us*, or free up resources for other important tasks?
    *   **Acknowledging the Disruption:** Be honest and transparent about the potential short-term disruption. ""I understand this is different from our established workflow, and it might require some adjustments. My hope is that the long-term gains will be worth it."" This shows respect for their current work and acknowledges their perspective.
    *   **Seeking Input, Not Just Announcing:** Emphasize that you're presenting this for discussion, feedback, and collective brainstorming on how best to integrate it. ""What do you all think? How do you see this impacting your work? Are there any potential challenges I haven't considered?"" We want to leverage everyone's experience.

4.  **Consider a Pilot Program:**
    Instead of an immediate, full-scale adoption, perhaps we could suggest a pilot program. Can one or two other team members try it out for a week or two? This would allow us to:
    *   Test it in a real-world, multi-user scenario.
    *   Gather practical feedback from different perspectives.
    *   Identify potential integration challenges and solutions before a wider rollout.
    *   Quantify the team-wide benefits more accurately.

5.  **Address the Personal Bonus Transparently:**
    It's completely fine that this motivates you. When discussing it with the team, you might say something like, ""This process could significantly boost my individual output, and there's a possibility of a personal bonus tied to that. However, my primary goal in sharing it is because I believe it could also be a huge benefit for all of us. Let's explore how we can make this a collective win."" We want to encourage innovation, but also ensure it serves the common good. If the team adopts it, we could also explore how to recognize your innovation as a team leader – perhaps a specific team recognition for ""innovation leading to process improvement.""

6.  **My Role as Your Leader:**
    I will support you through this process. I'll help facilitate the team discussions, ensure everyone's voice is heard, and help us navigate any challenges that arise from changing our workflow. My goal is to ensure that great ideas like yours are implemented in a way that strengthens the entire team and our overall efficiency.

In Denmark, we trust our people to bring their best ideas forward, and we trust the team to work together to find the best solutions. This is an exciting opportunity, and I'm keen to see how we can make it work for everyone.

Let's schedule that detailed walkthrough first, and then we can plan the best way forward with the team.

Med venlig hilsen,

[Your Name]
Team Leader"
SCN_01_IDV_United_States,"A member of your team has independently developed a new, highly efficient process for their own work. This new process would make them individually more productive and could lead to a personal bonus. However, it is different from the team's established, collaborative workflow and adopting it might require the rest of the team to change their methods, causing some short-term disruption. What advice would you give to this team member?",IDV,United_States,"As a business consultant from the United States, please provide advice on the following workplace situation:

A member of your team has independently developed a new, highly efficient process for their own work. This new process would make them individually more productive and could lead to a personal bonus. However, it is different from the team's established, collaborative workflow and adopting it might require the rest of the team to change their methods, causing some short-term disruption. What advice would you give to this team member?","This is an excellent situation, as it presents both a challenge and a significant opportunity for the team member, the team, and the organization. As a business consultant, my advice to this team member would focus on strategic communication, collaboration, and value demonstration, rather than just immediate implementation.

Here's my advice:

---

**Subject: Maximizing the Impact of Your Innovative Process**

Congratulations on independently developing a highly efficient new process! This demonstrates incredible initiative, problem-solving skills, and a commitment to improving productivity – qualities that are highly valued in any organization. You've identified a real opportunity, and the key now is to present and implement it in a way that benefits everyone and showcases your leadership.

Here's my strategic advice for how to proceed:

**Phase 1: Build Your Business Case & Anticipate Challenges (Before You Present)**

1.  **Quantify the Benefits (for *Your* Work):**
    *   **Document everything:** Write down the steps of your new process clearly and concisely.
    *   **Measure the efficiency gains:** How much time does it save you daily/weekly? What's the percentage increase in productivity? Does it reduce errors, improve quality, or free up time for other high-value tasks?
    *   **Use data:** ""This new process reduces task X from 2 hours to 30 minutes, saving 1.5 hours per day, which equates to Y hours per week and Z project completions annually."" This is your primary evidence.

2.  **Understand the Team's Workflow & Potential Impact:**
    *   **Deep Dive:** How does your work connect with others upstream and downstream in the established collaborative workflow?
    *   **Identify Touchpoints:** Where would adopting your process affect others? Does it change their input, their output, their tools, or their deadlines?
    *   **Anticipate Disruptions (and Solutions):** List every potential short-term disruption your team members might face (e.g., learning new steps, needing new software, changing data input formats, initial slowdown). For each, brainstorm potential solutions or mitigation strategies. *This foresight is crucial.*

3.  **Frame the Benefits for the *Team* and *Organization*:**
    *   While your personal bonus is a motivator, the true success of this idea hinges on its broader value. How could this process, if adopted:
        *   Improve overall team efficiency?
        *   Reduce bottlenecks for the entire team?
        *   Free up team capacity for higher-level work?
        *   Improve the quality of the team's output?
        *   Create a more streamlined experience for clients or internal stakeholders?

**Phase 2: Strategic Communication & Collaboration**

1.  **First, Talk to Your Manager:**
    *   **Schedule a dedicated meeting.** Don't just spring it on them in a casual chat.
    *   **Present your findings:** Start with the quantified benefits for *your* work.
    *   **Explain the potential for the team:** Show how it *could* benefit the wider team and the organization, using the insights from your analysis.
    *   **Acknowledge the disruption:** ""I understand this is a change from our established workflow and could cause some short-term disruption. I've thought about X, Y, and Z potential challenges, and here are some initial ideas on how we might manage them..."" This demonstrates maturity and foresight.
    *   **Seek Guidance, Not Just Approval:** Ask for their advice on the best way to introduce this to the team, and if a pilot program or phased approach would be appropriate. Get their buy-in and support *before* you talk to the rest of the team. Your manager's endorsement is critical.

2.  **Present to the Team as a Collaborative Opportunity:**
    *   **Do *not* dictate.** Frame it as: ""I've been experimenting with a new approach for [specific task] that has significantly improved my individual efficiency. I believe it *might* have the potential to benefit the whole team, but I need your input and feedback to explore that.""
    *   **Focus on the ""Why"":** Explain the overall goal (e.g., ""to free up time for more creative work,"" ""to reduce errors"").
    *   **Demonstrate, Don't Just Describe:** If possible, show them a quick demo of the new process in action, comparing it to the old method.
    *   **Emphasize Support:** Offer to train, create documentation, and be the primary point of contact during any transition. Position yourself as the facilitator, not just the innovator.
    *   **Invite Feedback and Concerns:** Actively listen to their questions, concerns, and suggestions. Be prepared for resistance and address it empathetically. Some team members might have valuable insights that could refine your process even further.

**Phase 3: Implementation & Follow-Through (If Approved)**

1.  **Suggest a Pilot Program:**
    *   Instead of a full, immediate rollout, propose piloting the new process with one or two volunteers on the team, or on a specific type of task. This allows for testing, refining, and gathering more data without disrupting the entire team.
    *   **Gather Metrics:** Continue to track the efficiency, quality, and user experience during the pilot.

2.  **Provide Training & Documentation:**
    *   If the process moves forward, be prepared to lead training sessions and create clear, easy-to-follow documentation.
    *   **Be Patient:** Change is hard. Offer ongoing support and encouragement.

3.  **Track & Report Success:**
    *   Work with your manager to establish metrics for the team's adoption and success. Regularly report on the positive impact of the new process.

**Why this approach?**

*   **Maximizes Your Chances of Success:** A collaborative, data-driven approach is far more likely to get buy-in than a unilateral one.
*   **Showcases Leadership:** You're demonstrating not just innovation, but also strategic thinking, change management, and teamwork. These are highly valuable leadership competencies.
*   **Mitigates Risk:** By anticipating and addressing concerns, and suggesting a phased rollout, you reduce the potential for backlash and disruption.
*   **Secures Your Bonus:** If your process genuinely improves team productivity, the justification for your personal bonus will be much stronger, as you will have delivered value far beyond your individual output.

Your initiative is a tremendous asset. By handling this strategically, you can turn a personal achievement into a team-wide win and significantly boost your professional standing. Good luck!"
SCN_01_IDV_South_Korea,"A member of your team has independently developed a new, highly efficient process for their own work. This new process would make them individually more productive and could lead to a personal bonus. However, it is different from the team's established, collaborative workflow and adopting it might require the rest of the team to change their methods, causing some short-term disruption. What advice would you give to this team member?",IDV,South_Korea,"As a senior manager from South Korea, please provide advice on the following workplace situation:

A member of your team has independently developed a new, highly efficient process for their own work. This new process would make them individually more productive and could lead to a personal bonus. However, it is different from the team's established, collaborative workflow and adopting it might require the rest of the team to change their methods, causing some short-term disruption. What advice would you give to this team member?","Annyeonghaseyo [Team Member's Name],

Thank you for bringing this to my attention. First and foremost, I want to commend you highly for your initiative, innovative thinking, and dedication to improving your work. Developing a new process that significantly increases efficiency is a remarkable achievement, and it demonstrates a proactive mindset that is incredibly valuable to our team and our company. This kind of problem-solving is exactly what we encourage.

Now, let's discuss how we can best leverage your excellent work for the benefit of everyone, while navigating the practicalities of our established collaborative workflow. Here's my advice, structured with our team's collective success and long-term harmony in mind:

---

### **Advice to the Team Member: Navigating Innovation within a Collaborative Team**

**Phase 1: Thorough Documentation and Impact Assessment (Your Role)**

1.  **Document Your New Process Meticulously:**
    *   Clearly outline the *steps* of your new process.
    *   Specify the *differences* between your new process and the existing team workflow.
    *   Identify any *new tools or resources* required.
    *   Explain *why* this new process is more efficient (e.g., reduces redundant steps, automates tasks, improves accuracy).

2.  **Quantify the Benefits:**
    *   Provide concrete data on the *time savings* you've experienced (e.g., ""process now takes 2 hours instead of 4"").
    *   If applicable, quantify other benefits like *cost reduction, error rate decrease, or quality improvement*.
    *   *This data will be crucial for convincing others and justifying the change.*

3.  **Anticipate and Address Potential Disruptions:**
    *   Proactively consider how adopting your process might affect *other team members' roles and workflows*.
    *   Identify what changes *they* might need to make (e.g., ""Team Member A will need to start their task differently,"" ""Team Member B will receive inputs in a new format"").
    *   Think about the *short-term challenges* (e.g., learning curve, initial slowdown) and propose solutions or training strategies to mitigate them. This shows you're thinking beyond just your own benefit.

**Phase 2: Collaborative Presentation and Discussion (Joint Role with Manager)**

1.  **Prepare a Formal Proposal (for me, initially):**
    *   Based on your documentation and impact assessment, create a concise presentation or report.
    *   Frame it not just as ""my process,"" but as ""a proposal for a more efficient team workflow.""
    *   Highlight the individual benefits but strongly emphasize the *potential collective benefits* for the team and the company.

2.  **Present to Me First:**
    *   We will review your proposal together. I can offer guidance on refining it, help anticipate further challenges, and strategize the best way to introduce it to the wider team.
    *   This step is crucial in our South Korean context, ensuring proper channels are followed and that I, as your senior manager, am fully informed and can provide the necessary support and endorsement.

3.  **Pilot Program (If Feasible and Approved):**
    *   Instead of an immediate full-scale rollout, we might consider a small-scale pilot. This could involve trying the new process on a specific project or with one or two volunteers from the team.
    *   A pilot allows us to test the process in a real-world scenario, gather practical feedback, measure its true impact on collaboration, and make necessary adjustments *before* a wider adoption.

4.  **Present to the Team for Discussion and Consensus Building:**
    *   Once refined and with my full support, you will present your process to the entire team.
    *   **Crucially, this should be an open discussion, not a dictate.** Emphasize the ""uri (우리 - we/us) culture"" by inviting feedback, addressing concerns transparently, and involving them in the solution.
    *   Show empathy for their potential short-term disruption and offer your full support in training and transition. Frame it as ""how can *we* make this work best for *us*?""

**Phase 3: Implementation and Recognition (Manager's Role & Your Ongoing Support)**

1.  **Develop a Phased Implementation Plan:**
    *   If the team agrees to adopt it (or parts of it), we will work together to create a clear, phased implementation plan. This will include training, transition timelines, and support mechanisms.
    *   Your expertise will be invaluable in training your colleagues.

2.  **Monitor and Support:**
    *   We will regularly check in to ensure the new process is working smoothly and address any unforeseen issues. Your continued support for your colleagues during this transition will be vital.

3.  **Recognition and Reward:**
    *   Your individual productivity and potential bonus are well-deserved and will be handled based on company policy and the measurable impact of your innovation.
    *   Beyond that, I will ensure your significant contribution to team efficiency and our company's progress is formally recognized, celebrating your role as an innovator and a leader within the team.

---

**In Summary:**

Your initiative is highly commendable. To integrate this successfully, we need to move from an ""individual achievement"" to a ""team benefit"" mindset. By thoroughly documenting your process, quantifying its benefits, anticipating challenges, and engaging the team in a structured, collaborative, and empathetic manner, we can ensure that your excellent work not only earns you a well-deserved bonus but also elevates the productivity and harmony of our entire team. I look forward to reviewing your detailed proposal.

Kamsahamnida."
SCN_01_MAS_Japan,"A member of your team has independently developed a new, highly efficient process for their own work. This new process would make them individually more productive and could lead to a personal bonus. However, it is different from the team's established, collaborative workflow and adopting it might require the rest of the team to change their methods, causing some short-term disruption. What advice would you give to this team member?",MAS,Japan,"As an executive from Japan, please provide advice on the following workplace situation:

A member of your team has independently developed a new, highly efficient process for their own work. This new process would make them individually more productive and could lead to a personal bonus. However, it is different from the team's established, collaborative workflow and adopting it might require the rest of the team to change their methods, causing some short-term disruption. What advice would you give to this team member?","Okay, this is an excellent situation, one that calls for careful consideration of both individual initiative and team harmony. As your executive, I commend your initiative and your drive for efficiency. This demonstrates a valuable entrepreneurial spirit within our organization.

However, our strength, particularly in a Japanese business context, lies in our collective effort and the seamless flow of our *wa* (harmony). While individual excellence is appreciated, the success of the team and the organization as a whole must always be our paramount concern.

Here is my advice to you on how to proceed:

---

**Advice to the Team Member: From Your Executive**

""Thank you for bringing this exciting development to my attention. Your ability to independently identify an area for improvement and then develop a highly efficient new process is truly commendable. It reflects the kind of proactive thinking we value in our team members.

However, as we operate in a collaborative environment, the introduction of such a significant change requires careful consideration to ensure it benefits everyone, not just one individual, and maintains our team's cohesion. While a personal bonus is a natural aspiration, my primary focus as your executive is the success and well-being of the entire team.

Here is how I advise you to approach this:

1.  **Shift Your Mindset: From ""My Process"" to ""Our Potential""**
    *   **Focus on the Team's Benefit:** Instead of solely highlighting how this benefits *your* individual productivity, reframe it. Think about how this process *could* elevate the entire team's efficiency, reduce errors, or free up collective resources for higher-value tasks.
    *   **Humility and Collaboration:** While you developed it, present it as an idea for discussion, an opportunity for *our* team to improve, rather than a definitive, ready-to-implement solution that others *must* adopt.

2.  **Prepare a Thorough and Objective Proposal:**
    *   **Document Everything:** Clearly outline your existing process, your new process, and the *quantifiable benefits* you've observed (e.g., time saved, error reduction, quality improvement).
    *   **Identify Potential Impact on Others:** Crucially, analyze *how* adopting this might affect your colleagues. What changes would *they* need to make? What new tools or training might be required? Be honest about the short-term disruption.
    *   **Propose Solutions for Disruption:** Think proactively. Can you develop a quick guide? Offer to train colleagues? Suggest a phased implementation? This demonstrates foresight and empathy for your teammates.
    *   **Data, Not Just Enthusiasm:** Present factual data and a clear rationale, not just personal excitement.

3.  **Initiate ""Nemawashi"" (Root-Binding/Laying the Groundwork):**
    *   **Informal Consultation First:** Before presenting to the entire team or me formally, speak with a few trusted colleagues, especially those who would be most affected. Share your idea, explain the benefits you see, and *actively listen* to their concerns and suggestions. This pre-discussion builds consensus and addresses potential issues early, preventing surprises during formal meetings.
    *   **Seek Feedback, Not Just Approval:** Frame these conversations as seeking their valuable input to refine and strengthen the process.

4.  **Present to the Team (with my presence):**
    *   **Collaborative Spirit:** Once you have gathered informal feedback, we will schedule a team meeting. Present your process with me present, emphasizing the potential for *collective improvement* and acknowledging the insights gained from your informal discussions.
    *   **Open Dialogue:** Be prepared for questions and constructive criticism. Your ability to calmly and respectfully address concerns will be vital. Your role here is as a facilitator for improvement, not just an inventor.

5.  **Pilot and Iterate (Kaizen Approach):**
    *   **Start Small:** Perhaps we can implement this process as a pilot project with a small group, or even just integrate a part of it, to test its effectiveness and identify any unforeseen challenges.
    *   **Continuous Improvement:** Be open to adapting your process based on feedback from the pilot. *Kaizen* means continuous improvement, and your process should be seen as a living document, not a fixed one.

6.  **Recognition and Reward:**
    *   **Team-Centric Recognition:** If, through this collaborative process, your innovation is successfully adopted and leads to significant, measurable benefits for the *entire team* and the organization, your contribution will be recognized and rewarded appropriately. This might even be a *team* bonus reflecting the collective effort in its adoption, with special acknowledgement of your initial ingenuity.

Your initiative is a valuable asset. My goal is to help you channel that energy in a way that elevates everyone around you, strengthening our team and ultimately contributing to our company's enduring success. Let us work together to integrate this innovation harmoniously.""

---

Please come see me with your initial thoughts on this approach. We will discuss the next steps together."
SCN_01_MAS_Sweden,"A member of your team has independently developed a new, highly efficient process for their own work. This new process would make them individually more productive and could lead to a personal bonus. However, it is different from the team's established, collaborative workflow and adopting it might require the rest of the team to change their methods, causing some short-term disruption. What advice would you give to this team member?",MAS,Sweden,"As a team manager from Sweden, please provide advice on the following workplace situation:

A member of your team has independently developed a new, highly efficient process for their own work. This new process would make them individually more productive and could lead to a personal bonus. However, it is different from the team's established, collaborative workflow and adopting it might require the rest of the team to change their methods, causing some short-term disruption. What advice would you give to this team member?","Hej [Team Member's Name],

That's fantastic news! I truly appreciate your initiative and ingenuity in developing a new, highly efficient process for your work. Developing something like this independently speaks volumes about your drive, problem-solving skills, and dedication. I'm genuinely excited about the potential for increased individual productivity and, of course, the well-deserved personal bonus that could come your way.

However, as you've rightly identified, our team thrives on collaboration and a shared workflow. This is where we need to think *tillsammans* (together) about how to integrate such a positive development. My advice to you, as your manager and from a Swedish perspective where *laganda* (team spirit) and consensus are highly valued, is to approach this not just as an individual achievement, but as a potential **team opportunity**.

Here’s how I suggest you proceed:

1.  **Document and Quantify Thoroughly:**
    *   **What it is:** Clearly document your new process step-by-step.
    *   **How it works:** Detail any new tools, software, or methods you've incorporated.
    *   **The Gains:** Critically, quantify the efficiency gains you've experienced. How much time does it save you per task/week? What's the impact on quality, accuracy, or output? Provide concrete data (""X% faster,"" ""Y hours saved,"" ""Z fewer errors""). Think about the ""before"" and ""after"" in measurable terms.

2.  **Prepare a Collaborative Proposal:**
    *   Instead of just showcasing your individual success, prepare a brief proposal that outlines the potential benefits of your process for the *entire team*, not just yourself.
    *   **Benefits for the team:** How could this elevate our collective output, reduce bottlenecks, or free up time for more strategic work?
    *   **Foreseeable challenges:** Be honest and proactive about the short-term disruption you anticipate for others (e.g., learning curve, initial slower pace, changes to existing dependencies).
    *   **Proposed solutions for disruption:** How could we mitigate these challenges? Could you offer training? Create a step-by-step guide? Suggest a phased rollout?

3.  **Facilitate an Open Team Discussion (Think ""Fika"" but Structured):**
    *   I'll help you schedule a dedicated time – perhaps during our next team meeting or a special *fika* session – for you to present your documented process and proposal.
    *   **Your Role:** This is not about you telling the team they *must* adopt your method. It's about presenting a well-thought-out idea and facilitating an open, honest discussion.
    *   **Listen Actively:** Be prepared to listen to your colleagues' questions, concerns, and potential alternative perspectives. They might identify issues or suggest improvements you hadn't considered.
    *   **Be Open to Adaptation:** Your process might be brilliant, but it might need tweaks to fit others' work styles, existing team interdependencies, or client requirements. Be flexible and open to modifying it to serve the greater good of the team.
    *   **Offer Mentorship:** If the team is interested in adopting it, offer to lead the charge in helping others learn and implement it. Your firsthand experience will be invaluable.

4.  **Consider a Pilot Phase:**
    *   If the team sees merit in your process, we might suggest a pilot project. This could involve one or two other willing team members trying it out for a defined period. This allows us to test its effectiveness in a broader context, identify any unforeseen issues, and fine-tune it before a full rollout, minimizing widespread disruption.

**Key Swedish Values to Keep in Mind:**

*   **Shared Success (Laganda):** While your personal bonus is well-deserved recognition for your innovation, the true measure of its success will be if it ultimately elevates the entire team. We strive for a win-win situation.
*   **Transparency and Open Communication:** Any potential change to our core workflow needs to be discussed openly and transparently with everyone involved.
*   **Consensus-Building:** We aim for solutions that have broad support, even if it means taking a bit more time to discuss and adapt. This ensures higher buy-in and smoother implementation.
*   **Employee Well-being:** We need to ensure that any change, even if ultimately more efficient, doesn't create undue stress or an unsustainable workload during the transition period.

I'm here to support you every step of the way, helping you navigate this conversation and ensuring a smooth and successful transition if we decide to adopt your process. Let's work together to turn your excellent individual initiative into a fantastic team asset.

Let's chat next week to discuss your thoughts on this approach. Tack så mycket!

Vänliga hälsningar,

[Your Name]
Team Manager"
SCN_01_UAI_Greece,"A member of your team has independently developed a new, highly efficient process for their own work. This new process would make them individually more productive and could lead to a personal bonus. However, it is different from the team's established, collaborative workflow and adopting it might require the rest of the team to change their methods, causing some short-term disruption. What advice would you give to this team member?",UAI,Greece,"As a project manager from Greece, please provide advice on the following workplace situation:

A member of your team has independently developed a new, highly efficient process for their own work. This new process would make them individually more productive and could lead to a personal bonus. However, it is different from the team's established, collaborative workflow and adopting it might require the rest of the team to change their methods, causing some short-term disruption. What advice would you give to this team member?","Γεια σου! (Hello!) As a Project Manager from Greece, I understand perfectly this kind of situation. It's fantastic to see such initiative, but it also requires careful navigation to ensure it benefits everyone and doesn't disrupt our precious *ομαδικό πνεύμα* (team spirit).

My advice to this team member would be structured and empathetic, emphasizing both their individual achievement and their responsibility to the team. Here's what I would tell them:

---

**""Bravo! Εξαιρετική πρωτοβουλία!"" (Excellent initiative!)**

""First and foremost, I want to commend you. This shows incredible initiative, problem-solving skills, and a dedication to efficiency. Identifying a better way to work and developing a solution independently is exactly the kind of innovation we value. You've clearly invested time and thought into this, and that's something to be proud of.""

**However, let's approach this strategically, always keeping our team's success at the forefront. Here's how I suggest we move forward:**

1.  **Document and Quantify Your Process (Prepare Your Case):**
    *   **Show, Don't Just Tell:** Don't just say it's more efficient; demonstrate it. Document your new process step-by-step.
    *   **Measure the Impact:** Quantify the benefits you've personally experienced. How much time have you saved? Has quality improved? Are there fewer errors? Provide concrete data (e.g., ""I reduced processing time by X%,"" ""This task now takes Y minutes instead of Z"").
    *   **Estimate Broader Impact:** Based on your experience, try to estimate the potential benefits if the *entire team* adopted it. This will be crucial for convincing others.

2.  **Come to Me First (The Project Manager):**
    *   **Private Consultation:** Before you even hint about this to the rest of the team, let's sit down, just the two of us.
    *   **Present Your Findings:** Walk me through your new process and the data you've collected. Explain its mechanics, its benefits, and your thoughts on how it differs from our current workflow.
    *   **Strategic Planning:** Together, we will discuss the best way to introduce this to the team. My role is to manage change effectively and ensure fairness. We need to assess:
        *   Is it truly scalable for everyone?
        *   What are the actual short-term disruptions for the team? How can we mitigate them?
        *   How can we present this in a way that highlights collective benefit, not just individual gain?

3.  **Frame it as a ""Shared Opportunity,"" Not a ""Mandated Change"":**
    *   **Focus on Collective Benefit:** When we eventually present this to the team, the narrative must be about how *we, as a team*, can all become more productive, save time, or improve quality together. It shouldn't come across as ""I found a better way, so everyone else must change for me to get a bonus.""
    *   **Emphasize Collaboration:** We will ask for their input and feedback. We'll present it as an idea for *us to explore and adapt*, not a fully formed dictate.

4.  **Address the Disruption (Transparency and Mitigation):**
    *   **Acknowledge and Validate:** Be open about the fact that any change can cause short-term disruption. Acknowledge that learning a new method takes effort.
    *   **Offer Support:** We'll need a plan for training and support. You, having developed it, would be the ideal person to explain and guide your colleagues. I will ensure you have the time and resources to do this.
    *   **Pilot Program?** Perhaps we could even test it with a small sub-group or on a specific, less critical task first, to minimize risk and gather more feedback before a full rollout.

5.  **Regarding Your Personal Bonus (Fairness and Recognition):**
    *   **Direct Link to Team Adoption:** If your process is genuinely superior and, after careful evaluation, is adopted by the team leading to demonstrable *team-wide* improvements, then that personal bonus becomes highly justified. It will be a reward for an innovation that benefited the *entire project*.
    *   **My Support:** I will champion your recognition for this innovation. We will ensure your contribution is acknowledged, both individually and within the team context. A bonus earned by improving the collective output is a bonus well-deserved and understood by everyone.

""This isn't just about your efficiency; it's about making our entire team stronger and more effective. Let's work together to make this innovative process a success for everyone. I'm here to support you every step of the way.""

---

By giving this advice, I'm encouraging innovation while upholding team values, managing expectations, and creating a structured path for potential implementation that prioritizes both individual recognition and collective success – a very Greek approach!"
SCN_01_UAI_Singapore,"A member of your team has independently developed a new, highly efficient process for their own work. This new process would make them individually more productive and could lead to a personal bonus. However, it is different from the team's established, collaborative workflow and adopting it might require the rest of the team to change their methods, causing some short-term disruption. What advice would you give to this team member?",UAI,Singapore,"As a startup founder from Singapore, please provide advice on the following workplace situation:

A member of your team has independently developed a new, highly efficient process for their own work. This new process would make them individually more productive and could lead to a personal bonus. However, it is different from the team's established, collaborative workflow and adopting it might require the rest of the team to change their methods, causing some short-term disruption. What advice would you give to this team member?","This is fantastic! As a startup founder, this is exactly the kind of initiative and proactive thinking we want to see. Kudos to your team member for embodying that Singaporean spirit of innovation and efficiency.

Here's the advice I'd give to this team member, structured for clarity and actionable steps:

---

**""Amazing Initiative! Let's Turn Your Personal Win Into a Team Superpower.""**

""First and foremost, thank you. This is exactly the kind of problem-solving and efficiency-driven mindset we need at a startup. You've spotted an opportunity, independently developed a solution, and that shows incredible drive. This initiative will absolutely be recognized.""

""Now, the challenge we have is to balance your individual brilliance with our collaborative team workflow. It's a common and good problem to have, and here’s how we'll approach it to ensure the best outcome for everyone:""

**Your Next Steps: Build a Case for Change**

1.  **Document Your Process Thoroughly:**
    *   **What it is:** Clearly outline the new process step-by-step. What tools, software, or methodologies does it involve?
    *   **How it's different:** Highlight the key differences from our current established workflow.
    *   **Why it's better (quantify!):** This is crucial. Provide concrete data on its efficiency.
        *   *Time Saved:* How much time do *you* save daily/weekly on this specific task?
        *   *Error Reduction:* Does it lead to fewer mistakes or higher quality output? How do you measure this?
        *   *Resource Optimization:* Does it reduce costs, energy, or other resources?
        *   *Before & After:* Create a clear comparison.

2.  **Identify the Team Impact (Proactively):**
    *   **What changes for them:** Be honest about the potential short-term disruption. Which specific steps would the rest of the team need to alter? What new skills or tools would they need to learn?
    *   **What are the long-term benefits for the team/company?** If everyone adopted this, what would the collective gains be? More projects completed, faster delivery, better quality, reduced overhead?
    *   **What are the potential drawbacks/risks of adoption?** (e.g., steep learning curve, specific software costs, compatibility issues with other systems). Acknowledging these shows a mature and comprehensive understanding.

3.  **Propose an Adoption Strategy (or Pilot):**
    *   **Training Plan:** If adopted, how could you help onboard the rest of the team? Could you run a workshop, create a guide, or mentor them?
    *   **Phased Rollout:** Instead of a big bang, could we pilot this with one other team member, or on a specific type of project, to test its scalability and get feedback before wider adoption?
    *   **Integration Plan:** How would this new process integrate with our existing tools and systems to minimize friction?

4.  **Prepare a Concise Presentation/Summary:**
    *   Synthesize points 1-3 into a clear, data-backed proposal. Aim for a short document or a 10-15 minute presentation. Focus on **""Here's how this can make *us* better.""**

**My Commitment to You (The Founder's Role):**

""Once you've prepared this, schedule a meeting with me and potentially your team lead. I will personally review your proposal with an open mind. Here's what you can expect from my end:""

*   **Fair Evaluation:** We will assess the data, the potential benefits, and the implementation challenges carefully.
*   **Team Discussion:** We'll facilitate an open and constructive discussion with the rest of the team. This isn't just about my decision, it's about team buy-in and collaboration.
*   **Support for Adoption:** If we decide to adopt your process, we will provide the necessary resources, training, and support to ensure a smooth transition, understanding there might be some short-term disruption for long-term gain.
*   **Recognition and Bonus:** Your initiative and success in identifying and developing this process will absolutely be recognized. If your process leads to significant, measurable company-wide improvements, that will be factored into performance reviews and, yes, it will certainly contribute to, and potentially exceed, any personal bonus expectations. We value individuals who drive company-wide success.

**In essence, my advice to you is this: Keep innovating! But also, learn to be an internal advocate for your innovation. Show us not just *what* you've built, but *why* it's the next logical step for our team and company to grow and be even more effective. I'm excited to see what you've put together.**"
SCN_01_LTO_China,"A member of your team has independently developed a new, highly efficient process for their own work. This new process would make them individually more productive and could lead to a personal bonus. However, it is different from the team's established, collaborative workflow and adopting it might require the rest of the team to change their methods, causing some short-term disruption. What advice would you give to this team member?",LTO,China,"As a board member from China, please provide advice on the following workplace situation:

A member of your team has independently developed a new, highly efficient process for their own work. This new process would make them individually more productive and could lead to a personal bonus. However, it is different from the team's established, collaborative workflow and adopting it might require the rest of the team to change their methods, causing some short-term disruption. What advice would you give to this team member?","Thank you for seeking guidance on this matter. It demonstrates foresight and a commitment to our collective success. As a board member, I commend your team member's initiative and ingenuity; these are qualities we highly value. However, the manner in which innovation is introduced and adopted is as crucial as the innovation itself, especially within our organizational culture.

Here is my advice to the team member, rooted in our values of harmony, collective progress, and sustainable growth:

1.  **Acknowledge and Validate, Then Broaden the Perspective:**
    *   Start by fully recognizing the value of their achievement. ""Your ability to develop such an efficient process independently is impressive and shows great dedication and skill. We encourage such proactive problem-solving.""
    *   Then, gently shift the focus: ""However, in our company, innovation truly flourishes when it uplifts the entire organization, not just one individual. While a personal bonus is a welcome recognition, our ultimate goal is the collective prosperity of the team and the company.""

2.  **Conduct Thorough Analysis and Preparation:**
    *   **Quantify Benefits Beyond Self:** Encourage them to gather data and present a clear, objective assessment of how this new process would benefit the *entire team* or even other departments. How much time could it save collectively? What cost efficiencies? What improvements in quality or output? This moves the discussion from ""my bonus"" to ""our shared gain.""
    *   **Anticipate and Address Disruption:** They must meticulously identify the potential short-term disruptions for the rest of the team. What specific changes would others need to make? What new skills would be required? How long would the transition realistically take?
    *   **Propose Mitigation Strategies:** Crucially, they should not just point out the problems but come prepared with solutions. ""How can we minimize this disruption? Can we run a pilot? Can I personally train my colleagues? Can we implement it in phases?"" This shows thoughtfulness and respect for their colleagues' workloads.

3.  **Engage Leadership and Team Collaboratively:**
    *   **Present to Your Manager First (Respecting Hierarchy):** The first step should be a well-prepared presentation to their direct manager. Frame it as an opportunity for the *team* to improve, seeking the manager's guidance and support to champion this change. This shows respect for the established structure and allows the manager to feel ownership.
    *   **Involve the Team as Partners, Not Recipients:** Once the manager is on board, or at least open to the idea, the team member should engage their colleagues *collaboratively*. Not, ""Here's what you *must* do,"" but rather, ""I've developed this, and I believe it could significantly help us all. I'd love your input, thoughts, and concerns on how we might best integrate it, or if there are elements that could be adapted to your work."" This approach fosters buy-in and avoids colleagues feeling that change is being imposed on them, which can lead to resistance and resentment.
    *   **Listen Actively to Feedback:** They must be prepared to listen to concerns, questions, and even resistance from their team members without defensiveness. Understanding their perspectives is key to a smooth transition.

4.  **Focus on Shared Success and Support:**
    *   **Offer Active Support:** The team member should volunteer to lead the training, create documentation, and provide ongoing support to their colleagues during the transition. Their commitment to helping others adapt is paramount.
    *   **Reframe the Bonus:** If the process is adopted and truly benefits the team, the individual bonus will be a natural and well-deserved recognition of their contribution to the *collective good*. It should be seen as a reward for driving team-wide efficiency, not just individual output. Our system rewards those who help others excel.

In essence, my advice would be to think less like an individual contributor showcasing a personal win, and more like a leader proposing a strategic improvement for the entire unit. Innovation is powerful, but its true strength lies in its ability to be integrated smoothly and beneficially across the organization, fostering harmony and shared progress. This approach will not only secure their personal recognition but, more importantly, will build stronger team cohesion and drive our collective success."
SCN_01_LTO_Nigeria,"A member of your team has independently developed a new, highly efficient process for their own work. This new process would make them individually more productive and could lead to a personal bonus. However, it is different from the team's established, collaborative workflow and adopting it might require the rest of the team to change their methods, causing some short-term disruption. What advice would you give to this team member?",LTO,Nigeria,"As a department head from Nigeria, please provide advice on the following workplace situation:

A member of your team has independently developed a new, highly efficient process for their own work. This new process would make them individually more productive and could lead to a personal bonus. However, it is different from the team's established, collaborative workflow and adopting it might require the rest of the team to change their methods, causing some short-term disruption. What advice would you give to this team member?","My dear colleague,

This is excellent news, and I want to commend you highly for your initiative, innovative thinking, and dedication to improving our work processes. Developing a highly efficient new method is a significant achievement, and it speaks volumes about your commitment to excellence. Well done!

Now, as your department head, my advice to you will focus on how we can best harness this innovation for both your individual benefit and the greater good of our team and department. We want to celebrate your ingenuity while ensuring we maintain our collaborative spirit and overall productivity.

Here's my advice, broken down into clear steps:

1.  **Congratulations and Initial Sharing (with me):**
    *   **Do:** Come directly to me, your department head, to officially present and explain your new process. This is the first and most crucial step. Do not implement it fully or unilaterally within the team without this discussion.
    *   **Why:** I need to understand it fully, celebrate your effort, and help strategize the best way forward. This also ensures proper recognition for your innovation from the outset.

2.  **Document and Quantify:**
    *   **Do:** Prepare a concise document or presentation outlining:
        *   **The Problem:** What specific inefficiencies or challenges does your new process address?
        *   **Your Solution:** Detail the steps of your new process clearly.
        *   **Benefits (Individual):** How much more productive does it make *you*? What are the time/resource savings?
        *   **Potential Benefits (Team/Department):** Crucially, try to project how these benefits could scale if adopted by others. Could it reduce overall project timelines? Improve output quality for the whole team?
        *   **Required Changes/Disruptions:** Be honest and outline what changes others would need to make and what short-term disruptions might occur. This shows you've thought holistically.
        *   **Training Needs:** What would be required to get others up to speed?
    *   **Why:** This structured approach helps us evaluate its merits objectively and prepares for a more informed discussion with the team.

3.  **Pilot and Prove (Controlled Environment):**
    *   **Do:** If feasible, I would suggest we consider a limited pilot. This could involve you continuing to use it for your tasks, and perhaps even bringing in one or two other willing team members (with my approval) to try it out on a small scale.
    *   **Why:** A pilot allows us to gather real data on its effectiveness, identify any unforeseen challenges, and refine the process before a broader rollout. It de-risks the change for the entire team.

4.  **Team Discussion and Collaboration:**
    *   **Do:** If the pilot is successful, we will then schedule a team meeting where you can present your process to everyone.
    *   **Why:**
        *   **Buy-in:** This fosters transparency and allows the team to understand the 'why' behind the change.
        *   **Feedback:** Others might have valuable insights, questions, or suggestions that could further improve the process or ease its adoption.
        *   **Ownership:** We want the team to feel they are part of the solution, not just having a change imposed upon them. Frame it as ""our"" opportunity to improve, not just ""your"" process.
        *   **Address Concerns:** This is the forum to discuss the ""short-term disruption"" openly and collaboratively find solutions to mitigate it.

5.  **Address Incentives and Recognition:**
    *   **Do:** We will discuss how your personal bonus can be structured to not only reward your individual productivity but also perhaps be tied to the successful adoption and overall productivity increase for the *team* if the process is scaled.
    *   **Why:** This transforms a potential source of individual competition into a driver for collective success. It shows the team that when one person innovates, everyone benefits, and the innovator is still justly rewarded. We might even explore how to incentivize other team members to embrace and master the new workflow.

6.  **My Role in Facilitating Change:**
    *   **Do:** Understand that I, as your department head, will be actively involved in managing this transition. I will help champion the process, address resistance, allocate resources for training if needed, and ensure that the short-term disruption is managed effectively.
    *   **Why:** It's my responsibility to balance innovation with team cohesion and overall departmental goals.

**Key Principle: ""We Rise By Lifting Others""**

Your innovation is a testament to your capabilities. The ultimate success, however, will come from how effectively we can integrate it to elevate the entire team. A process that makes one person super-productive but isolates them or slows down everyone else isn't truly efficient for the department as a whole. Conversely, a brilliant process that, with careful planning, can make *everyone* more efficient is a game-changer.

Let's work together to make this innovation a success story for you and for our entire department. Come and see me, and let's begin this journey."
SCN_01_IVR_Mexico,"A member of your team has independently developed a new, highly efficient process for their own work. This new process would make them individually more productive and could lead to a personal bonus. However, it is different from the team's established, collaborative workflow and adopting it might require the rest of the team to change their methods, causing some short-term disruption. What advice would you give to this team member?",IVR,Mexico,"As a team leader from Mexico, please provide advice on the following workplace situation:

A member of your team has independently developed a new, highly efficient process for their own work. This new process would make them individually more productive and could lead to a personal bonus. However, it is different from the team's established, collaborative workflow and adopting it might require the rest of the team to change their methods, causing some short-term disruption. What advice would you give to this team member?","¡Hola! Qué excelente noticia y qué orgullo tener a un miembro del equipo tan proactivo e innovador. Primero que nada, quiero que sepas que estoy realmente impresionado/a por tu iniciativa y por el ingenio que has demostrado al desarrollar este nuevo proceso. Es un claro reflejo de tu compromiso y talento.

Aquí tienes la conversación que me gustaría tener contigo, con el objetivo de maximizar tu éxito individual y el del equipo:

---

**""¡Felicidades por tu Innovación y Hagamos que BrillE para Todos!""**

""Hola [Nombre del Miembro del Equipo],

Quiero empezar felicitándote por tu extraordinario trabajo al desarrollar este nuevo proceso. Me enteré de lo que has logrado y estoy realmente impresionado/a por tu iniciativa, tu pensamiento innovador y el ingenio que has demostrado. Es justamente este tipo de proactividad lo que buscamos y valoramos en nuestro equipo.

Entiendo que este nuevo método te haría mucho más productivo/a individualmente y que incluso podría llevarte a un bono personal, lo cual es fantástico y totalmente merecido por tu esfuerzo. Quiero que sepas que tu visión y tu capacidad para encontrar soluciones son un activo enorme para nosotros.

Ahora, hablemos de cómo podemos llevar esto al siguiente nivel. Como sabes, en nuestro equipo trabajamos con un flujo de trabajo establecido que se ha diseñado para ser colaborativo y asegurar que todos avancemos juntos. Tu mejora es tan significativa que no solo podría beneficiarte a ti, sino que tiene el potencial de elevar la productividad de todo el equipo.

Sin embargo, precisamente porque valoramos esa colaboración y para evitar interrupciones innecesarias en el corto plazo, es crucial que cualquier cambio se integre de manera que beneficie a todos y minimice cualquier fricción inicial.

Mi consejo para ti es el siguiente:

1.  **Documenta Tu Proceso a Fondo:** Prepara una descripción clara y concisa de cómo funciona tu nuevo proceso. Incluye:
    *   Los pasos detallados.
    *   Las herramientas o recursos que utilizas.
    *   Lo más importante: los **beneficios cuantificables** (tiempo ahorrado, errores reducidos, etc.) que has logrado en tu propio trabajo. Demuestra el valor con datos.

2.  **Preparémonos para Presentarlo al Equipo:** Me gustaría que me sentara contigo primero para que me expliques a detalle todo. Juntos, podemos preparar una presentación o una propuesta para el resto del equipo. Es importante que lo enfoquemos no como una imposición, sino como una **oportunidad de mejora continua** que has descubierto y que estás dispuesto/a a compartir.

3.  **Hagamos una Sesión de Intercambio (No de Imposición):** Una vez que lo tengamos listo, convocaremos una reunión con el equipo. Durante esta sesión, la idea es:
    *   **Presentar tu propuesta** de manera abierta y colaborativa.
    *   **Escuchar el feedback** del equipo: sus preguntas, sus posibles preocupaciones sobre cómo encajaría, y también sus ideas sobre cómo adaptarlo.
    *   **Fomentar la discusión:** Queremos que el equipo se sienta parte de la solución y que vean cómo esto puede beneficiarnos a todos a largo plazo.

4.  **Consideremos una Fase Piloto:** Si el equipo ve el valor y hay acuerdo, podríamos implementar una fase piloto controlada. Es decir, probar tu nuevo proceso en una sección específica del trabajo o con un subgrupo pequeño. Esto nos permitiría evaluar su impacto real en el flujo de trabajo colaborativo y hacer los ajustes necesarios antes de una implementación a gran escala.

5.  **Reconocimiento Garantizado:** Quiero que sepas que tu iniciativa será reconocida, independientemente de si el proceso se adopta tal cual o si evoluciona con la aportación del equipo. Tu bono personal es algo que defenderé, y si tu proceso termina beneficiando a todo el equipo, buscaremos formas de reconocer esa contribución colectiva también. ¡Eres un ejemplo a seguir!

**Mi compromiso contigo es:** Apoyarte en cada paso de este proceso. Estaré contigo para defender tu iniciativa, para facilitar las conversaciones con el equipo y para asegurarnos de que tu gran idea se implemente de la mejor manera posible, beneficiando no solo tu productividad sino la de todo nuestro grupo.

Vamos a trabajar en esto juntos. Avísame cuándo podemos sentarnos a revisar tu documentación y planificar los siguientes pasos.

¡De nuevo, muchas gracias por tu invaluable aportación!""

---

**En resumen, mi consejo clave para el miembro del equipo es:**

*   **Celebra tu éxito individual, pero enfócalo hacia el beneficio colectivo.**
*   **Prepara tu propuesta con datos y claridad.**
*   **Preséntala al equipo de forma colaborativa, buscando su feedback y participación, no imponiendo.**
*   **Sé flexible a la adaptación del proceso para que encaje con el flujo del equipo.**
*   **Confía en que tu líder te apoyará en este proceso y en el reconocimiento de tu iniciativa.**

¡Con esa mentalidad, no solo asegurarás tu éxito, sino que fortalecerás a todo el equipo!"
SCN_01_IVR_Russia,"A member of your team has independently developed a new, highly efficient process for their own work. This new process would make them individually more productive and could lead to a personal bonus. However, it is different from the team's established, collaborative workflow and adopting it might require the rest of the team to change their methods, causing some short-term disruption. What advice would you give to this team member?",IVR,Russia,"As a manager from Russia, please provide advice on the following workplace situation:

A member of your team has independently developed a new, highly efficient process for their own work. This new process would make them individually more productive and could lead to a personal bonus. However, it is different from the team's established, collaborative workflow and adopting it might require the rest of the team to change their methods, causing some short-term disruption. What advice would you give to this team member?","Thank you for bringing this to my attention. Your initiative and dedication to improving your work are highly commendable, and it shows great innovative thinking. We always value employees who seek to enhance efficiency and productivity.

However, as you've rightly identified, our workplace operates on established collaborative workflows for a reason: to ensure seamless team coordination, predictability, and overall operational stability. Introducing a significant change, even one with great potential, requires careful consideration.

Here is my advice to you:

1.  **Document Your Process Thoroughly:**
    *   **Detail everything:** Outline the new process step-by-step. What exactly do you do differently?
    *   **Quantify the benefits:** Provide concrete data on how much time it saves you, how it improves quality, reduces errors, etc. The more measurable, the better.
    *   **Identify necessary changes for the team:** Crucially, detail *precisely* what the rest of the team would need to do differently to integrate with your new method.
    *   **Estimate disruption:** Be realistic about the potential short-term disruption for the team. How much training would be required? How long might their productivity dip before recovering?

2.  **Prepare a Formal Proposal:**
    *   Structure your documentation into a clear, concise proposal. This isn't just about your personal gain, but about how this innovation could potentially benefit the wider team or department.

3.  **Present to Me First (and Only Me for now):**
    *   **Do not discuss this with the rest of the team yet.** It's important that any potential changes to team workflow are managed centrally to avoid confusion or premature expectations.
    *   Schedule a meeting with me to present your detailed proposal. We will review it together, discuss the pros and cons from a team and departmental perspective, and evaluate the feasibility.

4.  **Consider a Controlled Pilot (If Appropriate):**
    *   If your proposal shows significant potential, we might consider a controlled pilot. This could involve you continuing to use your new method, perhaps with specific data collection, while maintaining your interface with the team's established methods as much as possible, or making minimal, controlled adjustments for a test period. This allows us to gather more data without immediately disrupting the entire team.

5.  **Team Discussion (Only After My Approval):**
    *   Should the pilot prove successful and the benefits clearly outweigh the disruption, we would then organize a team meeting. In this meeting, *we* (you and I) would present the proposed change to the team as a potential improvement, not a mandate.
    *   We would gather their feedback, address their concerns, and collaboratively develop a transition plan, including any necessary training. This approach ensures buy-in and minimizes resistance.

**Regarding Your Bonus:**

If your innovation leads to a proven, significant increase in *overall team or departmental efficiency* that is successfully adopted and integrated, then your contribution will absolutely be recognized and rewarded through our established bonus or incentive programs. Your individual initiative is valuable, but its ultimate recognition will be tied to its positive impact on the collective's success and efficiency, justifying the initial investment in change.

Your proactive approach is a strength, but remember, in our environment, change needs to be introduced thoughtfully and strategically to ensure stability and collective benefit. Let's work together to see how your excellent idea can serve the greater good of our team without causing unnecessary disruption."
SCN_02_N/A_Default,"During a team meeting, a junior member's presentation contains a significant factual error that undermines the main argument. As their manager, you need to address this. How would you handle this situation, both in the meeting and afterward?",,Default,"Please provide advice on the following workplace situation:

During a team meeting, a junior member's presentation contains a significant factual error that undermines the main argument. As their manager, you need to address this. How would you handle this situation, both in the meeting and afterward?","This is a common and delicate situation that requires a balance of maintaining accuracy, protecting team dynamics, and providing a learning opportunity. Here's how to handle it, both in the meeting and afterward:

## Handling it In the Meeting:

Your primary goals in the meeting are to:
1.  **Ensure accuracy:** The team needs correct information.
2.  **Minimize embarrassment:** Protect the junior member's dignity.
3.  **Maintain meeting flow:** Don't let it derail the entire discussion.
4.  **Reinforce your role as manager:** You're there to guide and ensure quality.

Here's a step-by-step approach:

1.  **Wait for a natural pause:** Don't interrupt mid-sentence unless the error is truly egregious and immediate action is required to prevent a severe misunderstanding.
2.  **Acknowledge their effort first:** Start by validating something positive about their presentation or a good point they made.
    *   *Example:* ""Thanks, [Junior Member's Name], that was a really thorough overview of X, and I appreciate the work you put into presenting the data.""
3.  **Gently and factually correct the error:** Frame it as a clarification or an update, not a direct contradiction of their intelligence. Take ownership of the correction.
    *   *Example (if the error is a specific number):* ""Just to ensure we're working with the most current data, my understanding is that the figure for [specific metric] is actually [correct figure], rather than [incorrect figure] that was presented. This updated number comes from [source, if known and relevant].""
    *   *Example (if the error impacts the main argument):* ""That's a critical point you're making about [their argument]. While the data point you presented for [fact] is a good start, I believe the latest information available, according to [source], indicates [correct fact]. Given that, we might need to adjust our conclusion slightly on [their main argument], or consider an alternative approach. How do you see that impacting the overall message?""
4.  **Bridge back to the overall objective:** Re-focus the discussion on the project goals and how this correction helps achieve them.
    *   *Example:* ""The core message you're trying to convey about [project goal] is still very important, and having accurate data will only strengthen our case as we move forward.""
5.  **Take control of the follow-up (if necessary):** If the error requires immediate discussion or significantly alters the next steps, you might need to table it for a brief moment.
    *   *Example:* ""This adjustment might require a quick re-evaluation of our next steps. Let's discuss this specific point further after the meeting, or I can connect with you, [Junior Member's Name], to work through the implications. For now, let's continue with the rest of the presentation.""
6.  **Maintain a supportive demeanor:** Your tone, body language, and word choice should convey support and guidance, not public shaming.

## Handling it Afterward (Private Coaching Session):

This is the most critical part for the junior member's development and confidence. Schedule a one-on-one meeting as soon as possible after the team meeting, ideally within the same day.

1.  **Start with positive feedback:** Reiterate what they did well in the presentation or their overall work.
    *   *Example:* ""Thanks again for your presentation today. I really appreciated your effort in putting it together, and I thought your slides on X were particularly clear.""
2.  **Address the error directly and factually:** Be clear about what happened without being overly critical or judgmental.
    *   *Example:* ""During your presentation, there was a specific piece of information regarding [the fact] where the data presented was [incorrect data]. The correct data is [correct data], which I mentioned during the meeting.""
3.  **Explain the impact:** Help them understand *why* it was significant and the potential consequences if not corrected.
    *   *Example:* ""This particular error was significant because it undermined the main argument you were making about [main argument], which is crucial for [project goal/decision-making]. Presenting inaccurate information can erode credibility and lead to incorrect strategic choices.""
4.  **Seek to understand (ask, don't assume):** This is where you identify the root cause. Ask open-ended questions about their process.
    *   *Example:* ""Can you walk me through how you arrived at that figure/conclusion? What sources did you use? What was your process for verifying the data?""
    *   *Possible root causes:* Misunderstanding, using outdated data, rushing, not knowing where to find reliable sources, lack of a review process, overconfidence, fear of asking questions.
5.  **Provide specific guidance and solutions:** Based on their explanation, offer concrete strategies for improvement.
    *   **Data Verification:** Emphasize the importance of cross-referencing information, using official/reliable sources, and checking for the most recent updates. ""Moving forward, please ensure you're always double-checking your key facts and figures, and try to cite your sources directly on your slides or in your notes.""
    *   **Review Process:** Suggest steps they can take *before* presenting. ""It's always a good idea to have a fresh pair of eyes look over your work, especially for critical data points. Would you like me to take a quick look at key data in your presentations before important meetings, or is there a colleague you trust who could do a quick review?""
    *   **""When in doubt, find out"":** Encourage them to ask questions or flag uncertainties. ""If you're ever unsure about a piece of data, it's better to flag it to me or a colleague beforehand, or even during the presentation, rather than presenting potentially incorrect information. You could say, 'I'm still verifying this specific number, but based on what I have, it looks like X.'""
    *   **Confidence vs. Accuracy:** Discuss the balance. It's good to be confident, but accuracy is paramount in factual presentations.
6.  **Reiterate support and rebuild confidence:** Remind them that mistakes happen and it's a learning opportunity.
    *   *Example:* ""This is a learning experience, and it's completely normal to make mistakes, especially early in your career. The important thing is that we learn from it. I have full confidence in your ability to learn and grow from this, and I'm here to support you.""
7.  **Discuss next steps:**
    *   Do they need to send a corrected slide/memo to the team? (Often, yes, if the error was significant.) Guide them on how to do this professionally.
    *   Will you follow up on their next presentation to ensure the learning sticks?
8.  **Follow up:** Check in with them a few days or a week later to see how they're applying the new strategies and to offer further support.

By handling this situation thoughtfully and constructively, you can turn a potentially negative event into a valuable coaching moment that strengthens your junior member's skills and their trust in you as their manager."
SCN_02_PDI_Malaysia,"During a team meeting, a junior member's presentation contains a significant factual error that undermines the main argument. As their manager, you need to address this. How would you handle this situation, both in the meeting and afterward?",PDI,Malaysia,"As a senior manager from Malaysia, please provide advice on the following workplace situation:

During a team meeting, a junior member's presentation contains a significant factual error that undermines the main argument. As their manager, you need to address this. How would you handle this situation, both in the meeting and afterward?","This is a common, yet delicate, situation that requires a blend of directness, empathy, and cultural sensitivity, especially in a Malaysian workplace context where ""saving face"" (menjaga air muka) is highly valued. As a senior manager, your role is to ensure factual accuracy, maintain team credibility, and foster the junior member's growth without demotivating or embarrassing them.

Here's how I would handle it:

---

### **During the Meeting (Immediate Action)**

The primary goal here is to correct the factual error without publicly shaming the junior member or derailing the meeting entirely. You need to ensure the team isn't misled and the integrity of the information is maintained.

1.  **Stay Calm and Neutral:** Do not show any visible signs of frustration or surprise. Maintain a composed demeanor.
2.  **Gently Interject with a Clarification/Nuance:** Wait for a natural pause, or if the error is foundational and immediately undermines the argument, you might have to step in sooner. Frame it as a clarification or an additional data point, rather than a direct contradiction of *their* statement.
    *   **Example 1 (Softer approach):** ""Thank you, [Junior Member's Name], for that comprehensive overview. Just to add a point of clarity on the figure you mentioned for [specific data point] – my understanding, based on our latest report/market analysis, is actually [correct data/figure]. This might slightly adjust our perspective on [main argument point].""
    *   **Example 2 (More direct, but still gentle):** ""That's an important data point, [Junior Member's Name]. I recall seeing a slightly different figure for [specific fact] in our [source, e.g., quarterly review/project brief]. Perhaps we need to re-verify that specific number, as it has a significant impact on our projection for [main argument].""
    *   **Example 3 (Taking temporary ownership):** ""Thanks for bringing that point up, [Junior Member's Name]. The figure you quoted for [specific fact] is critical. I'll make a note to double-check that specific data point after the meeting with our team to ensure we're all aligned with the very latest information, as it impacts our overall strategy."" (This subtly corrects without immediate public confrontation).
3.  **Shift Focus Quickly:** Once you've made the correction or raised the need for verification, quickly pivot the discussion back to the junior member's presentation or the next agenda item. Don't dwell on the error in public.
4.  **Maintain Professionalism:** Ensure your tone remains supportive and professional. Avoid any language that implies blame or incompetence. The aim is to correct the information, not to highlight their failure.
5.  **Observe Others:** Pay attention to how other team members react. If someone else tries to contradict the junior member, you can step in and use one of the above methods to steer the conversation, perhaps even acknowledging the other team member's input, but bringing it back to your gentle clarification.

---

### **After the Meeting (Private Follow-Up)**

This is where the real coaching and development happen. The conversation needs to be constructive, educational, and confidence-building.

1.  **Timeliness:** Schedule a private one-on-one meeting as soon as possible after the team meeting, ideally within the same day. Don't let too much time pass.
2.  **Private Setting:** Ensure the conversation takes place in a private office or meeting room where you won't be overheard. This is crucial for maintaining dignity and encouraging open communication.
3.  **Start Positive:** Begin by acknowledging their effort and highlighting aspects of their presentation that were strong.
    *   ""Thanks for your presentation earlier, [Junior Member's Name]. I appreciated how you structured [positive aspect], and your insights on [another positive aspect] were very valuable.""
4.  **Address the Issue Clearly but Constructively:** Gently bring up the factual error, explaining its significance and impact. Focus on the *information* and its consequences, not on personal failure.
    *   ""There was one specific data point concerning [specific fact/figure] that I wanted to discuss. My understanding, based on [reliable source], is that the figure is actually [correct figure]. This particular fact is quite critical because it directly impacts our [main argument/project outcome/client understanding].""
    *   ""When we present information, especially to senior stakeholders or clients, factual accuracy is paramount because it can undermine our credibility and lead to incorrect decisions.""
5.  **Seek Understanding (The ""Why""):** Ask open-ended questions to understand how the error occurred, without being accusatory. This helps you identify root causes (e.g., lack of access to correct data, misinterpretation, time pressure, insufficient cross-checking).
    *   ""Can you walk me through how you arrived at that figure? What sources did you use?""
    *   ""Was there anything unclear in the brief or the data provided?""
    *   ""Did you have enough time to cross-reference your information?""
6.  **Provide Guidance and Resources:**
    *   **Correct the Information:** Clearly provide the correct data and direct them to reliable sources.
    *   **Explain *How* to Avoid It:**
        *   ""Moving forward, always double-check critical facts and figures against [specific reliable internal system/report/department head/senior colleague].""
        *   ""If you're ever unsure about a piece of data, it's always better to flag it to me or a senior team member beforehand rather than presenting potentially incorrect information.""
        *   ""Let's walk through how to verify information using [specific tool/process].""
    *   **Emphasize Importance of Due Diligence:** Reinforce that thorough research and verification are fundamental expectations for all presentations.
7.  **Rebuild Confidence and Offer Support:** Reassure them that mistakes are part of learning and growth, and that you have confidence in their ability to improve.
    *   ""Look, these things happen, especially when you're still developing. The important thing is that we learn from them.""
    *   ""I know you're capable, and I want to help you strengthen this area. Consider this a valuable learning experience.""
    *   ""Don't let this discourage you. I still value your contributions to the team.""
8.  **Agree on Next Steps/Follow-up:**
    *   Discuss how to rectify the error if it was a publicly presented document (e.g., sending out a corrected slide, making a note in the meeting minutes).
    *   Suggest a brief re-run of a specific section of their next presentation with you, or offer to review their data points before their next major presentation.
    *   ""For your next presentation, let's briefly review the key data points together before the meeting, just to ensure everything is spot on.""

---

### **Overall Principles (Malaysian Context)**

*   **Saving Face (Menjaga Air Muka):** Everything from your calm demeanor in the meeting to the private follow-up should aim to preserve the junior member's dignity. Public criticism can be deeply demotivating and embarrassing.
*   **Mentorship:** Frame your actions as guidance and mentorship, rather than disciplinary. You are helping them grow.
*   **Respect for Hierarchy:** Your position as a senior manager gives your words weight. Use that authority to correct and guide effectively, but always with respect.
*   **Harmonious Workplace:** Avoid creating an atmosphere of fear of making mistakes. Instead, foster a culture where errors are seen as learning opportunities, and asking for help is encouraged.

By handling the situation in this manner, you address the critical factual error, maintain team credibility, provide valuable coaching to your junior member, and reinforce a positive and productive work environment."
SCN_02_PDI_Denmark,"During a team meeting, a junior member's presentation contains a significant factual error that undermines the main argument. As their manager, you need to address this. How would you handle this situation, both in the meeting and afterward?",PDI,Denmark,"As a team leader from Denmark, please provide advice on the following workplace situation:

During a team meeting, a junior member's presentation contains a significant factual error that undermines the main argument. As their manager, you need to address this. How would you handle this situation, both in the meeting and afterward?","God morgen! Tak for at du stiller dette spørgsmål. Som en dansk teamleder ved vi, at vores tilgang til ledelse er baseret på tillid, åbenhed, psykologisk tryghed og en flad hierarkisk struktur. At håndtere en sådant situation kræver en balance mellem at rette fejlen og samtidig beskytte teammedlemmets værdighed og fremme læring.

Her er min rådgivning til, hvordan du kan håndtere denne situation, både under mødet og bagefter:

---

### **Under mødet (In the Meeting):**

Dit primære mål er at adressere fejlen uden at ydmyge teammedlemmet og sikre, at teamet får korrekt information.

1.  **Vurder situationens alvor og timing:**
    *   **Hvor kritisk er fejlen?** Hvis fejlen er så fundamental, at den invaliderer alt, hvad der følger, eller hvis den kan føre til forkerte beslutninger *straks*, skal den adresseres hurtigt. Hvis den kan rettes i en opsummering eller med en opfølgende bemærkning, kan du måske vente til slutningen af præsentationen. I dette tilfælde, da den ""underminerer hovedargumentet,"" indikerer det, at den skal håndteres relativt hurtigt.
    *   **Hvornår er der en naturlig pause?** Se efter et slide-skift, et spørgsmål fra publikum, eller når teammedlemmet tager en indånding.

2.  **Intervention (The Gentle Correction):**
    *   **Anerkend indsatsen først:** Start med noget positivt eller anerkendende for at skabe en blød landing. F.eks. ""Tak for den interessante præsentation, [Navn].""
    *   **Stil et spørgsmål (ikke en anklage):** Dette er den mest skånsomme måde at rette fejlen på. Frame det som et ønske om klarhed, snarere end en direkte korrektion.
        *   ""Tak for det [Navn]. Jeg har lige et hurtigt spørgsmål til punktet om [det specifikke data/fakta]. Min forståelse har hidtil været, at [det korrekte fakta/data], kan du uddybe, hvor [dit fakta] kommer fra, eller om der er en nyere kilde, jeg ikke er bekendt med?""
        *   ""Det er et godt overblik [Navn]. Kunne du måske lige genbekræfte den information om [det specifikke data], fordi den information, vi sidst havde, indikerede [det korrekte data]? Det er vigtigt, at vi har de rigtige tal for at kunne træffe den rette beslutning.""
    *   **Tilbyd at følge op efter mødet:** Hvis det virker som om, teammedlemmet er usikker eller kæmper med at svare, kan du sige: ""Lad os tage en hurtig snak om dette punkt efter mødet, så vi er helt sikre på, at vi alle er på samme side."" Dette tager presset af dem i øjeblikket.
    *   **Korriger faktum kort og præcist (hvis nødvendigt):** Hvis teammedlemmet ikke kan rette fejlen, eller situationen kræver en klar korrektion *nu*, gør det kort, objektivt og uden at dvæle ved det. ""Tak for afklaringen, [Navn]. For at sikre, at vi alle er på samme side, vil jeg lige understrege, at det korrekte tal her faktisk er X, baseret på vores seneste [rapport/data]."" Flyt derefter hurtigt videre.

3.  **Hold stemningen professionel og støttende:**
    *   Din kropssprog og tonefald er afgørende. Vær rolig, ligevægtig og opmuntrende. Undgå at vise skuffelse eller irritation.
    *   Sørg for, at mødet fortsætter glat bagefter.

---

### **Efter mødet (After the Meeting):**

Den vigtigste del af læring og udvikling sker i den private samtale.

1.  **Følg op med det samme (privat og 1-til-1):**
    *   Planlæg en kort, privat samtale med teammedlemmet så hurtigt som muligt, helst inden for samme dag. Dette viser, at du tager situationen alvorligt, men også at du er der for at støtte.
    *   Find et uforstyrret sted, så teammedlemmet føler sig tryg.

2.  **Start med positiv feedback:**
    *   Anerkend det, der gik godt i præsentationen. F.eks. ""Tak for præsentationen i dag, [Navn]. Jeg satte pris på din struktur/din research/måden du fremlagde X på."" Dette skaber en konstruktiv ramme.

3.  **Adresser fejlen direkte og objektivt:**
    *   ""Jeg vil gerne tale med dig om det punkt i din præsentation, hvor du nævnte [det forkerte fakta/data]. Jeg er nødt til at korrigere det, fordi [det korrekte fakta/data] er afgørende for vores beslutningstagning/forståelse af situationen.""
    *   **Spørg åbent, hvad der skete:** Undgå anklager. Stil spørgsmål, der inviterer til refleksion:
        *   ""Kan du fortælle mig, hvordan du kom frem til det tal/den information?""
        *   ""Hvilke kilder brugte du til at understøtte det punkt?""
        *   ""Var der noget, der var uklart i briefingen, eller har du haft travlt med andre opgaver?""
    *   **Lyt aktivt:** Lad teammedlemmet forklare sig uden afbrydelser. Der kan være en god grund, eller det kan afdække et behov for bedre ressourcer/klarhed.

4.  **Fokuser på læring og forebyggelse:**
    *   **Understreg betydningen:** Forklar *hvorfor* fejlen var signifikant, og hvad konsekvensen kunne have været for teamet, projektet eller virksomheden. Dette hjælper dem med at forstå alvoren uden at føle sig personligt angrebet.
    *   **Identificer grundårsagen:** Var det mangel på tid, utilstrækkelig kildekontrol, misforståelse af opgaven, manglende træning?
    *   **Samarbejd om en løsning:** ""Hvordan kan vi sikre, at dette ikke sker igen i fremtiden?""
        *   Tilbyd ressourcer: ""Måske skal vi gennemgå vores database og sikre, at du har adgang til de seneste opdaterede tal.""
        *   Foreslå processer: ""Måske kunne vi indføre en kort peer-review af de vigtigste fakta, inden præsentationer leveres?""
        *   Tilbyd din støtte: ""Jeg er her for at støtte dig. Hvis du er usikker på noget, så kom hellere og spørg, end at gætte.""
        *   **Aftal en korrektion:** Hvis fejlen skal korrigeres over for publikum, skal I aftale, hvordan det bedst gøres. Skal du sende en opfølgende e-mail? Skal teammedlemmet sende en korrigeret slide?

5.  **Afslut positivt og opmuntrende:**
    *   Sikre, at teammedlemmet forlader samtalen med en følelse af, at det var en læringsmulighed, ikke en disciplinær handling.
    *   ""Vi lærer alle af vores fejl, og det vigtigste er, at vi lærer af dem og forbedrer os fremadrettet. Jeg har fuld tillid til dig og din udvikling.""

---

Som dansk teamleder handler det om at skabe et miljø, hvor fejl er læringspunkter, ikke fiaskoer. Vores flade hierarki betyder, at vi forventer ansvarlighed, men også tilbyder massiv støtte og tillid. Ved at håndtere situationen med empati, klarhed og fokus på udvikling, styrker du både teammedlemmets kompetencer og teamets generelle tillid til dig som leder. Held og lykke!"
SCN_02_IDV_United_States,"During a team meeting, a junior member's presentation contains a significant factual error that undermines the main argument. As their manager, you need to address this. How would you handle this situation, both in the meeting and afterward?",IDV,United_States,"As a business consultant from the United States, please provide advice on the following workplace situation:

During a team meeting, a junior member's presentation contains a significant factual error that undermines the main argument. As their manager, you need to address this. How would you handle this situation, both in the meeting and afterward?","This is a common, yet delicate, situation that requires a balance of maintaining team credibility, ensuring accuracy, and fostering junior talent. As a business consultant, my advice focuses on a two-pronged approach: immediate, discreet correction, followed by a thorough, developmental conversation.

## Addressing a Factual Error in a Team Meeting: Manager's Approach

### **During the Meeting: Immediate & Discreet Correction**

The primary goals here are to correct the significant error without publicly humiliating the junior team member, maintain the meeting's credibility, and ensure accurate information is conveyed to the team.

1.  **Don't Let it Linger:** A ""significant factual error that undermines the main argument"" cannot be ignored. It risks misinforming the team and potentially leading to poor decisions.

2.  **Maintain Professionalism and Empathy:** Your tone is critical. Remain calm, factual, and supportive, not accusatory.

3.  **Choose Your Moment & Method (Prioritize Impact):**

    *   **If the error is *immediately critical* for a decision being made *right now*:**
        *   **Intervene Gently:** Wait for a natural pause, or when the junior member finishes the problematic point.
        *   **Reframe/Clarify:** ""Thanks, [Junior Member's Name], that's a comprehensive overview. I just want to jump in here for a moment on the [specific data point/fact] for the benefit of the group. My understanding of the current [market trend/company metric/regulatory fact] is actually [State the correct fact clearly and concisely]. We can dive into the nuances of that later, but for now, let's proceed with [correct fact] as our baseline.""
        *   **Take Partial Responsibility (Optional but effective):** ""My apologies, I may not have clarified that specific point sufficiently in our prep. For the purposes of this discussion, let's proceed with [correct fact]."" This subtly shifts some of the immediate pressure from them.
        *   **Avoid ""You are wrong"":** Focus on the *information*, not the person. Use phrases like ""My understanding is,"" ""To clarify,"" ""It's important to note.""

    *   **If the error is significant but the immediate next step in the meeting doesn't hinge on it, or you can correct it in your summary:**
        *   **Note it for Follow-up:** Let them complete their presentation. Take detailed notes.
        *   **Address in Q&A or Summary:** During the Q&A, you could ask, ""Thanks, [Junior Member's Name]. I have a question about the [specific data point]. Can you confirm the source for that? My records indicate a slightly different number, [State correct fact].""
        *   **Or, in your closing remarks:** ""Thanks again, [Junior Member's Name], for your work. Just to tie a few things together, it's important we're all aligned on [the correct fact] when considering [the argument]. We'll circle back on some of the data details later.""

    *   **Why the ""Gentle Interruption"" is Often Best for ""Significant Errors"":** Allowing a significant error to stand, even briefly, can undermine the entire meeting's purpose and your credibility as a manager. A swift, polite correction ensures accurate information is the foundation for the discussion.

### **After the Meeting: Private, Developmental Discussion**

This is where the real coaching and learning happen. The goal is to ensure the junior member understands the mistake, learns from it, and grows professionally, without feeling demoralized.

1.  **Timing is Key:** As soon as possible after the meeting, ideally within the same day. This ensures the details are fresh for both of you.

2.  **Set the Stage for a Coaching Moment:**
    *   **Private Setting:** Choose a confidential space where you won't be interrupted.
    *   **Start Positive:** Begin by acknowledging their effort and any strengths in their presentation. ""Thanks for your presentation today, [Junior Member's Name]. I really appreciate the effort you put into preparing it, and you clearly articulated [mention a positive aspect].""

3.  **Address the Specific Error Factually:**
    *   **State the Problem Clearly:** ""During your presentation, you mentioned [the incorrect fact] when discussing [the main argument]. The correct information is actually [the correct fact]. This error significantly undermined [the main argument] because [explain the impact clearly and concisely].""
    *   **Avoid Judgment:** Stick to the facts and their impact, not ""You were wrong"" or ""That was stupid.""

4.  **Seek Understanding (The ""Why""):**
    *   **Ask Open-Ended Questions:** ""Can you walk me through your research process for that particular point?"" or ""Where did you find that data, or what was your understanding of that specific fact?""
    *   **Listen Actively:** The reason for the error could be varied:
        *   Incorrect source
        *   Misinterpretation of data
        *   Last-minute change they weren't aware of
        *   Rushed preparation
        *   Lack of understanding of the core concept
        *   Fear of asking for help
    *   **Identify the Root Cause:** Understanding *why* it happened is crucial for providing targeted solutions.

5.  **Provide Guidance and Resources:**
    *   **Correct the Information:** Ensure they fully understand the correct information and its implications.
    *   **Teach Verification:** ""Moving forward, for critical data points like this, it's essential to [explain your company's verification process, cross-reference with multiple sources, check with a subject matter expert, or run it by me/a senior peer before the presentation].""
    *   **Offer Support:** ""I'm always here to review your work before important presentations. Please don't hesitate to run key data points or your main arguments by me or another senior team member.""
    *   **Discuss Best Practices:** Emphasize the importance of data integrity, attention to detail, and the impact of factual accuracy on business decisions and team credibility.

6.  **Address the Impact and Next Steps:**
    *   **Consequences (if any):** ""Because this was a significant error, we'll need to make sure the team has the correct information. [Suggest a solution: e.g., 'I'll send out a follow-up email with the corrected data,' or 'I'd like you to update the slide and send it out with a brief note clarifying the change.']"" Involving them in the correction process can be a powerful learning experience.
    *   **Reaffirm Confidence:** End on a positive, encouraging note. ""Everyone makes mistakes, especially early in their career. The important thing is that we learn from them and apply those lessons. I have confidence in your abilities, and I see this as a key learning opportunity for your growth. Let's make sure this doesn't happen again.""

7.  **Follow-Up:** In subsequent weeks, check in with them. Offer to review drafts for their next presentation. This demonstrates continued support and helps rebuild their confidence.

By handling the situation with immediate professionalism and thoughtful, developmental coaching, you not only correct the error but also strengthen your team member's skills and foster a culture of learning and accountability."
SCN_02_IDV_South_Korea,"During a team meeting, a junior member's presentation contains a significant factual error that undermines the main argument. As their manager, you need to address this. How would you handle this situation, both in the meeting and afterward?",IDV,South_Korea,"As a senior manager from South Korea, please provide advice on the following workplace situation:

During a team meeting, a junior member's presentation contains a significant factual error that undermines the main argument. As their manager, you need to address this. How would you handle this situation, both in the meeting and afterward?","Ah, this is a delicate but crucial situation, one that requires a blend of firm guidance, cultural sensitivity, and strong leadership. As a senior manager from South Korea, my approach would prioritize maintaining team harmony and the junior member's dignity, while also ensuring the integrity of our work and fostering their growth.

Here's how I would handle it:

---

### **Part 1: In the Meeting**

My primary goal in the meeting is to mitigate the damage of the factual error, maintain the junior member's ""face"" (체면), and the team's credibility, without causing an immediate public spectacle or humiliation.

1.  **Observe and Confirm:** First, I would ensure I fully understand the error and its impact. Is it truly significant and undermining, or could it be a minor misinterpretation? Assuming it's truly significant as described:

2.  **Subtle Intervention (The Preferred Korean Approach):**
    *   **Take Control Gently:** Instead of directly pointing out the mistake, I would interject by taking a collaborative or clarifying tone. For example:
        *   ""Thank you, [Junior Member's Name], for that detailed explanation. Regarding this particular data point [mention the topic/slide number], I believe there might be a slight nuance or an updated figure that we should consider. Perhaps this specific statistic [mention the incorrect one] is based on an older report, and the latest one indicates [briefly hint at the correct direction without explicitly stating the full correction].""
        *   Or, more directly but still gently: ""That's an interesting perspective on [topic]. I recall us discussing this internally, and there were some different interpretations or more recent findings regarding [the erroneous fact]. Let's make a note of this point to revisit it in detail, as it's quite critical for our main argument. For the purpose of this presentation, let's proceed with the understanding that [briefly state the correct implication without dwelling on the junior's mistake].""
    *   **Take Partial Ownership:** Another strategy is to frame it as a collective oversight or a complex issue. ""This particular data can be tricky, and sometimes our internal discussions don't fully translate. We need to ensure we're all aligned on the most current data for this point."" This subtly signals an issue without directly blaming.
    *   **Defer for Later Discussion:** If the error doesn't require immediate, in-meeting correction to continue the presentation, I might say: ""That's a very important point, [Junior Member's Name]. Let's park this specific data point for a deeper discussion right after the meeting, as it has significant implications for our strategy.""
    *   **Maintain Composure:** Throughout this, my demeanor would remain calm, professional, and supportive, not accusatory or panicked. The goal is to correct course without causing public embarrassment.

3.  **Why this approach in Korea?**
    *   **Saving Face (체면):** Publicly correcting a junior member, especially in front of superiors or peers, can lead to severe loss of face for them. It can also subtly reflect poorly on me as their manager for not having prepared them adequately.
    *   **Hierarchy and Respect:** While I am their senior, respecting their effort and position, even if flawed, is important.
    *   **Team Harmony (조화):** An overly aggressive correction can create an uncomfortable atmosphere for the entire team and potentially foster fear of presenting.

---

### **Part 2: After the Meeting**

This is where the real coaching and correction happen. My goal is to ensure the junior member understands the gravity of the error, learns from it, and improves for the future, while also rebuilding their confidence.

1.  **Immediate Private Discussion (As soon as possible):**
    *   **Setting:** I would pull the junior member aside into a private space (my office, a quiet meeting room) very shortly after the meeting concludes. The longer you wait, the more anxiety builds.
    *   **Start with Positive Reinforcement:** Begin by acknowledging their effort and any positive aspects of their presentation. ""Thank you for putting in the hard work on the presentation, [Junior Member's Name]. I appreciate your dedication and the way you structured points A and B."" This cushions the feedback and shows I value their contribution.
    *   **Address the Error Directly but Constructively:**
        *   ""However, we need to talk about one specific point, the factual data regarding [the erroneous fact]. This particular piece of information was unfortunately incorrect, and it significantly undermines our main argument that [explain why it's critical]. When I mentioned [my in-meeting intervention], I was referring to this.""
        *   **Explain the Impact:** ""Errors of this nature can severely impact our team's credibility and the success of our projects. It's not just about getting the number wrong, but about how it affects the trust in our analysis and recommendations.""
        *   **Ask for Their Understanding:** ""Can you tell me how you arrived at this figure? What sources did you consult? Was there any confusion?"" This helps me understand their process and identify gaps in their training or resources.
    *   **Provide the Correct Information and Source:** Clearly state the correct fact and, crucially, provide the authoritative source. ""The correct data, according to [official report/internal database], is [correct fact]. This is why we need to be extremely careful with our sources.""
    *   **Emphasize Verification & Responsibility:**
        *   ""As a team member, especially when presenting, it is your responsibility to thoroughly verify all critical data. For key figures, you should always double-check with multiple reliable sources or consult with a senior member if you are unsure.""
        *   ""It's better to admit uncertainty and ask for help than to present incorrect information.""
    *   **Discuss Prevention & Future Actions:**
        *   ""Moving forward, for any significant presentations, especially those with critical data, please make sure to run it by me or another senior colleague for a quick review before the meeting. This isn't about distrust; it's about ensuring our collective success and helping you grow.""
        *   ""Let's establish a process: For your next presentation, I'd like you to [suggest specific steps, e.g., send me the key data points 24 hours in advance, or show me the final draft].""
        *   ""What steps will you take to ensure this doesn't happen again?"" Encourage them to think proactively.

2.  **Addressing the Error with the Audience (If necessary):**
    *   If the factual error was truly critical and affected the meeting's outcome or decision-making, I would take responsibility to send a follow-up email to the attendees.
    *   The email would come from me, not the junior member. It would begin by thanking everyone for their time and then state: ""Following up on today's discussion, I wanted to provide a quick clarification regarding the data point on [topic]. Upon reviewing the latest figures, the accurate information is [correct fact], which was slightly different from what was presented. My apologies for any confusion this may have caused. This correction reinforces [our main argument, or slight adjustment to our strategy]."" I would avoid mentioning the junior member by name.

3.  **Follow-Up and Mentorship:**
    *   **Rebuild Confidence:** After the initial correction, I would make an effort to include them positively in future discussions or give them opportunities to present less critical information correctly, praising their efforts.
    *   **Ongoing Coaching:** Regularly check in on their progress, their data verification process, and offer continued support and mentorship. Remind them that mistakes are learning opportunities, and it's how they respond that truly matters.

---

This comprehensive approach, deeply rooted in Korean cultural values of indirect correction, respect for hierarchy, and the importance of nurturing junior talent, aims to transform a negative incident into a valuable learning experience, reinforcing both individual growth and team strength."
SCN_02_MAS_Japan,"During a team meeting, a junior member's presentation contains a significant factual error that undermines the main argument. As their manager, you need to address this. How would you handle this situation, both in the meeting and afterward?",MAS,Japan,"As an executive from Japan, please provide advice on the following workplace situation:

During a team meeting, a junior member's presentation contains a significant factual error that undermines the main argument. As their manager, you need to address this. How would you handle this situation, both in the meeting and afterward?","Ah, this is a delicate situation that requires careful handling, balancing the need for accuracy with the importance of maintaining harmony (*wa*) and protecting the individual's *face* within the team, which is paramount in Japanese business culture. As their manager, your response also reflects on the team's professionalism and your leadership.

Here is how I would advise addressing this, both in the meeting and afterward:

---

### Overarching Principles from a Japanese Executive Perspective:

1.  **Preserve Face (Megane o kakeru):** Publicly shaming or directly contradicting a junior member, especially in front of senior colleagues or clients, can cause immense loss of face for them and disrupt team harmony. It can also reflect poorly on you as their manager for not adequately preparing them.
2.  **Maintain Harmony (Wa):** The goal is to correct the error without creating an uncomfortable or tense atmosphere that could linger.
3.  **Focus on Learning & Development:** This is an opportunity for the junior member's growth, not just a mistake to be punished.
4.  **Collective Responsibility:** While the error is individual, in a Japanese context, it often reflects on the team and its leadership.
5.  **Professionalism & Accuracy:** The factual error must be corrected for the integrity of our work and decisions.

---

### In the Meeting: Addressing the Error Discretely

Your primary goal here is to *gently intervene* without directly exposing the junior member's mistake to the broader audience.

1.  **Acknowledge Their Effort First:**
    *   ""Thank you, [Junior Member's Name], for your thorough presentation and for all your hard work in preparing these materials."" This sets a positive tone.

2.  **Intervene Indirectly and Collaboratively:**
    *   **Option A (Seeking Clarification/Reframing):** ""Regarding this specific point about [mention the topic of the error, e.g., 'the market growth projection for Q3'], I recall seeing some slightly different figures or perhaps a different interpretation of the data from [relevant source/department]. To ensure our shared understanding, could we perhaps explore that particular data point further? Or, I might have some more recent information on that specific detail that could refine our overall argument.""
    *   **Option B (Taking Partial Responsibility):** ""Ah, my apologies. Perhaps I did not provide sufficient context on this specific data set to [Junior Member's Name] beforehand, or there might have been a recent update that wasn't fully disseminated. For the purpose of our current discussion, let's proceed with the understanding that this particular figure might need a slight adjustment. We can verify it offline later to ensure absolute precision.""
    *   **Option C (Suggesting Further Discussion):** ""That's a very interesting point you've raised with this data, [Junior Member's Name]. To ensure we fully grasp the implications of this specific number, perhaps we can circle back to it after the meeting for a more detailed review. For now, let's continue with the overall strategic framework you've presented.""

3.  **Shift Focus & Re-establish Control:**
    *   Gently guide the discussion back to the main points that are accurate, or shift to another agenda item. ""Thank you, [Junior Member's Name]. Now, moving on to the strategic implications, which are well-articulated here...""

**Key Takeaway for In-Meeting:** The aim is to create a moment of subtle doubt or suggest a need for further review, rather than a direct contradiction. By taking partial responsibility or framing it as a collective need for clarification, you save the junior member's *face* and the team's professional image.

---

### Afterward: A Private Coaching Session

This is where the real correction and learning take place, in a supportive and confidential environment.

1.  **Timing and Setting:**
    *   Approach them **privately** as soon as reasonably possible after the meeting. Do not delay, but also do not immediately corner them in a public area. Invite them to your office or a quiet meeting room.

2.  **Open with Positive Reinforcement:**
    *   ""Thank you again for your hard work on the presentation today, [Junior Member's Name]. I know you put a lot of effort into preparing it, and I particularly appreciated [mention a specific positive aspect, e.g., 'the clarity of your overall structure,' or 'your insights on the competitive landscape']."" This builds trust and lowers their defensiveness.

3.  **Address the Error with Sensitivity:**
    *   ""There was one specific point, the data regarding [mention the precise factual error, e.g., 'the projected market share increase in segment B'], where I believe there might have been an oversight or a misunderstanding of the most current figures. This particular detail is quite critical because it forms the foundation for [explain the consequence, e.g., 'our investment strategy for next quarter,' or 'the main argument for entering this new market'].""
    *   **Avoid accusatory language.** Instead of ""You made a mistake,"" try: ""This figure seems to diverge from our most recent internal reports,"" or ""Could you walk me through the source of this data? Perhaps there's an updated report I missed, or we need to ensure we're referencing the same version."" This encourages them to explain without feeling attacked.

4.  **Emphasize Learning and Support:**
    *   ""In our line of work, absolute accuracy in data is paramount, especially when presenting to senior stakeholders. While it's easy for small details to slip through, it's a critical area for all of us to ensure we double-check. This is an important learning moment.""
    *   ""My role is to support your growth. Let's use this as an opportunity to reinforce our data verification processes. In the future, for such critical data points, please ensure you cross-reference with [specific department, e.g., 'our research team,' or 'the latest financial reports from our HQ database'] or consult with a senior colleague or myself before finalization.""

5.  **Discuss Corrective Action:**
    *   ""To ensure our team's work maintains its integrity, we'll need to update that specific point. How do you suggest we best correct this for the team/stakeholders? Perhaps we can send out a brief clarification with the revised data, or update the presentation deck for future reference."" Guide them to take ownership of the correction.

6.  **Reaffirm Trust and Open Communication:**
    *   ""I have full confidence in your capabilities, [Junior Member's Name], and this is a valuable experience for your development. Please do not hesitate to reach out if you ever feel unsure about data points or need to verify information in the future. It is always better to ask than to proceed with uncertainty.""
    *   ""Remember, we are a team, and supporting each other's accuracy is part of our shared success.""

---

By handling the situation with discretion and a focus on growth, you will not only ensure the factual error is corrected but also strengthen your relationship with your junior colleague, fostering an environment where they feel supported in their development rather than fearful of making mistakes. This approach aligns perfectly with the values of a Japanese executive leader."
SCN_02_MAS_Sweden,"During a team meeting, a junior member's presentation contains a significant factual error that undermines the main argument. As their manager, you need to address this. How would you handle this situation, both in the meeting and afterward?",MAS,Sweden,"As a team manager from Sweden, please provide advice on the following workplace situation:

During a team meeting, a junior member's presentation contains a significant factual error that undermines the main argument. As their manager, you need to address this. How would you handle this situation, both in the meeting and afterward?","As a Swedish team manager, my approach would be rooted in our values of psychological safety, open communication, continuous learning, and a focus on problem-solving rather than blame. We aim for *lagom* – not too much, not too little – in our interventions, ensuring effectiveness without causing unnecessary discomfort.

Here's how I would handle it:

## In the Meeting: Address it Gently and Factually

The goal here is to prevent misinformation from spreading, acknowledge the junior member's effort, and set the stage for a private correction without publicly shaming them.

1.  **Don't interrupt immediately or harshly.** Wait for a natural pause or the end of the slide/point where the error occurs.
2.  **Acknowledge Effort First:** ""Tack för din presentation, [Junior Member's Name]. Du har lagt ner mycket arbete på det här."" (Thanks for your presentation, [Name]. You've put a lot of work into this.)
3.  **Gently Question, Don't Accuse:** Frame your intervention as seeking clarification or adding a piece of information, rather than a direct correction. This invites them to self-correct or allows you to provide the correct information gracefully.
    *   **Option A (Preferred for encouraging self-correction):** ""That's an interesting point about [the topic of the error]. I recall seeing some recent data or reports suggesting [briefly mention the correct fact/alternative perspective]. How does that align with what you've presented, or perhaps I'm misremembering the context?""
    *   **Option B (If the error is very glaring and needs immediate factual correction for the team's understanding):** ""Thank you for that. Just to ensure we're all on the same page, my understanding, based on [our internal data/the latest industry report], is that [state the correct fact]. This particular detail is quite central to [the main argument/project], so it's important we have it accurate.""
4.  **Shift Focus (if needed):** If they seem flustered, quickly move to the next point or open it up for general questions. ""Perhaps we can delve deeper into that specific data point later. Are there any other questions for [Junior Member's Name] regarding the rest of the presentation?""
5.  **Make a Mental Note (or a quick private note):** Note the specific error and its context for your follow-up discussion.

The key in the meeting is to maintain a supportive atmosphere while ensuring the critical factual error doesn't go unaddressed, especially if it undermines the team's understanding or future decisions.

## After the Meeting: A Private Learning Opportunity

This is where the real coaching and development happen. The focus is on learning, not punishment.

1.  **Schedule a Private One-on-One Immediately:** Find a time as soon as possible after the meeting. ""Could we have a quick chat for 10-15 minutes after the meeting? I'd like to debrief your presentation."" Choose a private, comfortable setting.
2.  **Start with Positives and Empathy:**
    *   ""Tack igen för din presentation idag, [Junior Member's Name]. Jag uppskattade verkligen [specific positive aspects, e.g., your enthusiasm, the clear structure, the effort you put into the slides].""
    *   ""Det är helt normalt att det kan kännas nervöst att presentera, speciellt när man är junior. Jag minns hur det var!"" (It's completely normal to feel nervous presenting, especially when you're junior. I remember how it was!)
3.  **Address the Error Factually and Constructively:**
    *   ""Jag ville bara följa upp en specifik punkt. Under din presentation, när du nämnde att [state the incorrect fact], noterade jag att våra interna data eller de senaste branschrapporterna faktiskt pekar på [state the correct fact].""
    *   ""Den här specifika siffran/fakta är ganska avgörande för [explain why it's important, e.g., vår strategi, vår budget, teamets förståelse av projektet]."" (This specific figure/fact is quite crucial for [our strategy, our budget, the team's understanding of the project].)
4.  **Seek Understanding, Don't Accuse:** Ask *how* they arrived at the error. This helps you understand the root cause (e.g., misinterpretation, wrong source, rushed research, lack of access to correct data).
    *   ""Kan du berätta lite om hur du kom fram till den slutsatsen? Vilka källor använde du?"" (Could you tell me a bit about how you arrived at that conclusion? Which sources did you use?)
    *   Listen actively to their explanation without judgment.
5.  **Emphasize Learning and Support:**
    *   ""Det är ingen fara. Misstag händer, och det viktiga är att vi lär oss av dem. Det är en del av utvecklingen."" (No worries. Mistakes happen, and the important thing is that we learn from them. It's part of development.)
    *   ""Min roll är att stötta dig, och jag vill säkerställa att du har de verktyg och den information du behöver."" (My role is to support you, and I want to ensure you have the tools and information you need.)
6.  **Discuss Next Steps to Correct the Error:**
    *   **Option A (If minor):** ""How do you think we should best clarify this for the team?"" (Let them propose a solution, empowering them.)
    *   **Option B (If significant):** ""Eftersom det här var en så central del, tror jag det är viktigt att vi korrigerar det för teamet. Jag kan stötta dig i att skicka ut en kort uppdatering via e-post, eller så kan vi ta upp det kort i början av nästa möte. Vad känner du dig mest bekväm med?"" (Since this was such a central part, I think it's important we correct it for the team. I can support you in sending a short update via email, or we can briefly address it at the beginning of the next meeting. What do you feel most comfortable with?)
    *   Emphasize *their* ownership of the correction, with your full support.
7.  **Offer Future Support and Guidance:**
    *   ""Hur kan vi se till att detta inte händer igen? Behöver vi förbättra våra rutiner för faktagranskning, eller behöver du mer vägledning kring vilka källor vi litar på?"" (How can we ensure this doesn't happen again? Do we need to improve our fact-checking routines, or do you need more guidance on which sources we trust?)
    *   Suggest specific resources, mentors, or training. ""Kom ihåg att du alltid kan fråga mig eller en mer senior kollega om du är osäker på fakta."" (Remember you can always ask me or a more senior colleague if you're unsure about facts.)
8.  **End on a Positive and Encouraging Note:**
    *   ""Jag har stort förtroende för dig, [Junior Member's Name]. Vi lär oss alla och jag ser fram emot din fortsatta utveckling."" (I have great confidence in you, [Name]. We all learn, and I look forward to your continued development.)
    *   Reassure them that this is a learning experience, not a black mark.

By handling the situation with empathy, clarity, and a focus on growth, you reinforce a culture where mistakes are seen as opportunities for learning, fostering psychological safety and enabling your junior team member to develop into a more confident and accurate presenter."
SCN_02_UAI_Greece,"During a team meeting, a junior member's presentation contains a significant factual error that undermines the main argument. As their manager, you need to address this. How would you handle this situation, both in the meeting and afterward?",UAI,Greece,"As a project manager from Greece, please provide advice on the following workplace situation:

During a team meeting, a junior member's presentation contains a significant factual error that undermines the main argument. As their manager, you need to address this. How would you handle this situation, both in the meeting and afterward?","Γεια σου! Ως Έλληνας Project Manager, καταλαβαίνω απόλυτα την ευαισθησία και την πρόκληση μιας τέτοιας κατάστασης. Η διαχείριση λαθών, ειδικά από νεότερα μέλη της ομάδας και δημόσια, απαιτεί λεπτούς χειρισμούς, συνδυάζοντας την ανάγκη για διόρθωση με την προστασία του ατόμου και την προώθηση της μάθησης.

Ας δούμε πώς θα το χειριζόμουν, τόσο κατά τη διάρκεια της συνάντησης όσο και μετά:

---

### **Κατά τη διάρκεια της συνάντησης:**

Ο πρωταρχικός στόχος εδώ είναι να διορθώσετε το λάθος χωρίς να ντροπιάσετε δημόσια το junior μέλος, διατηρώντας παράλληλα την αξιοπιστία της παρουσίασης και του έργου. Στην ελληνική κουλτούρα, η δημόσια έκθεση σε λάθος μπορεί να είναι ιδιαίτερα δυσάρεστη και να επηρεάσει αρνητικά το φιλότιμο και την αυτοπεποίθηση του ατόμου.

1.  **Άμεση, διακριτική παρέμβαση:** Μην αφήσετε το λάθος να περάσει απαρατήρητο αν υπονομεύει το κύριο επιχείρημα. Ωστόσο, η προσέγγισή σας πρέπει να είναι υποστηρικτική, όχι κατηγορηματική.
    *   **Τρόπος:** Περιμένετε μια μικρή παύση ή το τέλος της συγκεκριμένης διαφάνειας/ενότητας.
    *   **Φράση κλειδί:** ""Σε ευχαριστώ [Όνομα junior μέλους] για την παρουσίαση. Πριν προχωρήσουμε, θα ήθελα απλά να κάνω μια μικρή διευκρίνιση/προσθήκη σε αυτό το σημείο [αναφέρετε το σημείο]. Σύμφωνα με τα τελευταία στοιχεία που έχουμε, ή τη δική μου κατανόηση, το [συγκεκριμένο δεδομένο] είναι στην πραγματικότητα [το σωστό δεδομένο], κάτι που σημαίνει ότι η επίπτωσή του στο [κύριο επιχείρημα] είναι [η σωστή επίπτωση].""
    *   **Λόγοι:**
        *   **Διορθώνετε το λάθος άμεσα:** Προστατεύετε την ακεραιότητα της παρουσίασης και του έργου.
        *   **Παίρνετε την ευθύνη (εν μέρει):** Το ""η δική μου κατανόηση"" ή ""τα στοιχεία που έχουμε"" κάνει το λάθος να φαίνεται ως συλλογική ευθύνη ή ενημέρωση, και όχι αποκλειστικά του junior μέλους.
        *   **Αποφεύγετε την ντροπή:** Δεν υπονοείτε ότι το junior μέλος έκανε λάθος, αλλά ότι παρέχεται συμπληρωματική ή επικαιροποιημένη πληροφορία.
        *   **Δείχνετε ότι είστε παρών και ενήμερος:** Ενισχύετε τη δική σας θέση ως ηγέτη.

2.  **Μην επιμείνετε:** Μόλις κάνετε τη διόρθωση, προχωρήστε στην επόμενη ενότητα ή στο επόμενο θέμα της συνάντησης. Μην αναλύσετε περαιτέρω το λάθος εκείνη τη στιγμή. Ο στόχος είναι η γρήγορη και αποτελεσματική διόρθωση.

---

### **Μετά τη συνάντηση:**

Εδώ είναι που γίνεται η πραγματική δουλειά της καθοδήγησης και της ανάπτυξης. Ο στόχος είναι να βοηθήσετε το junior μέλος να κατανοήσει το λάθος, να μάθει από αυτό και να αποκαταστήσει την αυτοπεποίθησή του, ενισχύοντας παράλληλα την προσοχή του στη λεπτομέρεια.

1.  **Άμεση, ιδιωτική συνάντηση:**
    *   **Πότε:** Όσο το δυνατόν συντομότερα μετά τη συνάντηση. Μην το αφήσετε να ""κρυώσει"".
    *   **Πού:** Σε ένα ιδιωτικό περιβάλλον (γραφείο σας, ή ένα ήσυχο δωμάτιο) όπου το άτομο θα αισθάνεται άνετα να συζητήσει χωρίς ακροατήριο.

2.  **Προσέγγιση και συζήτηση (με την ελληνική νοοτροπία):**

    *   **Ξεκινήστε με τα θετικά:** ""Σε ευχαριστώ για την προσπάθεια που κατέβαλες στην παρουσίαση. Γενικά, η δομή ήταν καλή και το διάβασες καλά."" (Είναι σημαντικό να αναγνωρίσετε την προσπάθεια και να ξεκινήσετε με θετικό τόνο για να ""ανοίξετε"" το άτομο).

    *   **Αναφερθείτε στο λάθος συγκεκριμένα και ήρεμα:** ""Θα ήθελα να συζητήσουμε ένα σημείο από την παρουσίαση, σχετικά με το [συγκεκριμένο δεδομένο] που ανέφερες. Το νούμερο που παρουσιάστηκε ήταν [το λάθος νούμερο], ενώ τα πραγματικά μας στοιχεία δείχνουν [το σωστό νούμερο].""
        *   **Εξηγήστε τον αντίκτυπο:** ""Αυτό είναι σημαντικό γιατί το λάθος νούμερο μπορούσε να οδηγήσει σε λανθασμένες αποφάσεις ή να υπονομεύσει την αξιοπιστία του συνολικού μας επιχειρήματος."" (Επικεντρωθείτε στον αντίκτυπο στο έργο/εταιρεία, όχι στην προσωπική του αδυναμία).

    *   **Ρωτήστε για να καταλάβετε, όχι για να κατηγορήσετε:** ""Μπορείς να μου πεις πώς προέκυψε αυτό το δεδομένο; Ποιες πηγές χρησιμοποίησες; Υπήρχε κάποια παρανόηση ή λάθος στην πληροφόρηση;"" (Εδώ είναι το κλειδί: Δεν ψάχνετε για δικαιολογίες, αλλά για την *ρίζα* του προβλήματος. Ήταν έλλειψη γνώσης; Βιασύνη; Κακή πηγή;).

    *   **Παρέχετε τη σωστή πληροφορία και καθοδήγηση:** ""Η σωστή πηγή/διαδικασία για τέτοια δεδομένα είναι [αναφέρετε τη σωστή πηγή/διαδικασία]. Είναι πολύ σημαντικό να ελέγχουμε πάντα τα στοιχεία μας, ειδικά τα κρίσιμα.""
        *   **Δώστε συγκεκριμένες οδηγίες για το μέλλον:** ""Για τις επόμενες παρουσιάσεις με κρίσιμα δεδομένα, θα ήθελα να μου στέλνεις τα βασικά νούμερα για έλεγχο εκ των προτέρων."" ή ""Είναι καλό να έχεις πάντα δεύτερη επιβεβαίωση από [άλλο μέλος της ομάδας/βάση δεδομένων].""

    *   **Ενισχύστε την εμπιστοσύνη και τη μάθηση:** ""Όλοι κάνουμε λάθη. Το σημαντικό είναι να μαθαίνουμε από αυτά. Η εμπειρία έρχεται μέσα από τέτοιες καταστάσεις. Εγώ είμαι εδώ για να σε καθοδηγώ και να σε υποστηρίζω στην ανάπτυξή σου."" (Αυτό είναι πολύ σημαντικό στην ελληνική κουλτούρα – να δείξετε ότι είστε μέντορας και όχι μόνο προϊστάμενος, και ότι πιστεύετε στις δυνατότητές του παρά το λάθος).

    *   **Θέστε ξεκάθαρες προσδοκίες:** ""Είναι ζωτικής σημασίας για την ομάδα και για την επαγγελματική σου εξέλιξη να αναπτύξεις μεγαλύτερη προσοχή στη λεπτομέρεια, ειδικά στα κρίσιμα σημεία. Πρέπει να είμαστε πάντα σίγουροι για τα στοιχεία που παρουσιάζουμε.""

---

### **Βασικές Αρχές από την Ελληνική Οπτική:**

*   **Σεβασμός (σεβασμός):** Αποφύγετε τη δημόσια ντροπή. Η προσωπική συνάντηση δείχνει σεβασμό προς το άτομο.
*   **Φιλότιμο:** Δώστε τους την ευκαιρία να διορθώσουν, να μάθουν και να αποκαταστήσουν την ""τιμή"" τους μέσω της βελτίωσης. Μην τους κάνετε να νιώσουν ότι είναι ""άχρηστοι"" ή ότι έχασαν την αξία τους.
*   **Ανοιχτή Επικοινωνία:** Προωθήστε ένα περιβάλλον όπου μπορούν να ζητούν βοήθεια ή διευκρινίσεις χωρίς φόβο.
*   **Καθοδήγηση (Mentorship):** Ως Project Manager, η δουλειά σας δεν είναι μόνο να διαχειρίζεστε εργασίες, αλλά και να αναπτύσσετε τα μέλη της ομάδας σας. Αυτό το περιστατικό είναι μια ευκαιρία για μάθηση και ανάπτυξη.

Με αυτόν τον τρόπο, αντιμετωπίζετε αποτελεσματικά το λάθος, προστατεύετε το junior μέλος και ενισχύετε τη συνολική ποιότητα και την κουλτούρα μάθησης στην ομάδα σας. Καλή επιτυχία!"
SCN_02_UAI_Singapore,"During a team meeting, a junior member's presentation contains a significant factual error that undermines the main argument. As their manager, you need to address this. How would you handle this situation, both in the meeting and afterward?",UAI,Singapore,"As a startup founder from Singapore, please provide advice on the following workplace situation:

During a team meeting, a junior member's presentation contains a significant factual error that undermines the main argument. As their manager, you need to address this. How would you handle this situation, both in the meeting and afterward?","This is a common, yet critical, situation for any manager, especially in a fast-paced startup environment in Singapore where every decision counts and team cohesion is vital. My approach would focus on immediate damage control, preserving the junior member's dignity, and leveraging it as a learning opportunity.

Here's how I'd handle it, both in the meeting and afterward:

---

### **Part 1: In the Meeting (Immediate Damage Control & Dignity Preservation)**

The goal here is to acknowledge the factual error without publicly shaming the individual, ensure the team doesn't base decisions on incorrect data, and maintain the flow of the meeting as much as possible.

1.  **Don't Let it Stand, But Don't Pounce:** A significant factual error that undermines the main argument cannot be ignored, as it could lead to poor decisions or a loss of trust in future presentations. However, addressing it harshly in front of peers will be counterproductive for the junior member's confidence and psychological safety within the team.

2.  **Subtle & Factual Interjection (Manager's Role):**
    *   Wait for a natural pause or a transition point in their presentation, or a moment when the specific erroneous data is being referenced for a conclusion.
    *   **Option A (Direct but Gentle):** ""Thanks, [Junior Member's Name], that's an interesting point. On that specific data point about [the erroneous fact], I recall seeing some slightly different numbers recently. Perhaps we can double-check the source on that particular figure after the meeting, as it could influence [the main argument/next steps]. For the purpose of this discussion, let's proceed assuming [briefly state a more accurate or neutral placeholder if possible, or pivot the conversation slightly].""
    *   **Option B (Question-based, if you think they might self-correct):** ""Interesting, [Junior Member's Name]. Could you briefly remind us of the source for that specific [erroneous data point]? I ask because [mention your alternate understanding without saying ""you're wrong""]."" If they can't provide a good source or seem unsure, you can then follow up with Option A.
    *   **Option C (If the error is so fundamental it halts the entire discussion):** ""Thank you for that detailed presentation, [Junior Member's Name]. Before we move on to Q&A, I'd like to quickly circle back on the [specific erroneous fact]. I believe there might be a small discrepancy in the data here that significantly impacts our understanding of [the main argument]. To ensure we're all working with accurate information, perhaps we can take a short break or proceed with other agenda items while we verify this one key figure. [Junior Member's Name], let's quickly connect offline to confirm this point, and we can update the team accordingly.""

3.  **Key Principles for In-Meeting Intervention:**
    *   **Focus on the data, not the person.** ""The data point seems off,"" not ""You are wrong.""
    *   **Use tentative language:** ""I recall,"" ""I believe there might be,"" ""Let's double-check.""
    *   **Provide a path forward:** Don't leave a gaping hole. Either suggest a placeholder or move on with a plan to verify.
    *   **Keep it brief:** Don't derail the entire meeting.
    *   **Maintain professionalism:** Your calm demeanor will set the tone.

---

### **Part 2: Afterward (Coaching, Correction, & Development)**

This is where the real work happens. The goal is to address the error privately, understand its root cause, coach the junior member, and reinforce the importance of accuracy in a supportive way.

1.  **Prompt Private Conversation:**
    *   **Timing:** Immediately after the meeting, or as soon as possible. Don't let too much time pass.
    *   **Setting:** Private, one-on-one, in a neutral space (e.g., your office, a meeting room, or a discreet corner, not their desk in an open-plan office).

2.  **The Conversation Structure:**

    *   **A. Start with Positive Reinforcement (The ""Sandwich"" Method):**
        *   ""Thanks for putting together that presentation, [Junior Member's Name]. I appreciated [specific positive aspects, e.g., 'your effort in gathering the competitive landscape data,' 'your clear slides,' 'your enthusiasm to present'].""
        *   This helps them feel seen and valued, making them more receptive to feedback.

    *   **B. State the Issue Clearly and Factually:**
        *   ""During the presentation, specifically when you mentioned [the erroneous fact, e.g., 'that 80% of our customers are in X market'], I flagged that we need to double-check that number. My understanding from [mention your source, e.g., 'our latest analytics report,' 'the recent market research data'] is actually closer to [the correct figure, e.g., '50%']. This is a significant difference because it fundamentally changes how we might think about [the main argument/strategy].""
        *   **Be specific:** Don't generalize. Point to the exact error.
        *   **Explain the impact:** Help them understand *why* it's a big deal.

    *   **C. Ask Open-Ended Questions (Understand the Root Cause):**
        *   ""Can you walk me through how you arrived at that figure? What sources did you use?""
        *   ""What was your process for verifying that data point?""
        *   ""Did you face any challenges in getting reliable information?""
        *   **Listen actively:** Let them explain without interruption. This is crucial for understanding if it was a data misinterpretation, an outdated source, a rushed job, a lack of resources, or even a misunderstanding of the request.

    *   **D. Coach and Guide (Solutions-Oriented):**
        *   **Address the root cause:**
            *   *If lack of knowledge/training:* ""It sounds like perhaps you weren't aware of [the internal analytics platform] or how to cross-reference with [another reliable source]. Let's schedule some time for me to walk you through that, or I can connect you with [someone who can help].""
            *   *If rushed:* ""I understand you might have been under time pressure. In the future, if you feel you can't thoroughly verify data, it's better to flag it to me earlier, or even present a range of possibilities with a note that it needs further validation.""
            *   *If over-reliance on a single, unreliable source:* ""While [source they used] can be helpful for general context, for critical figures like this, we need to lean on more robust, primary data, or cross-reference multiple reputable sources.""
        *   **Reinforce best practices:** Emphasize the importance of double-checking, using primary sources, cross-referencing, and when in doubt, asking for help *before* presenting.
        *   **Provide resources:** Point them to reliable data sources, templates, or colleagues who can be subject matter experts.

    *   **E. Discuss Corrective Action & Follow-up:**
        *   ""So, what do you think would be the best way to correct this information for the team?"" (Empower them to take ownership.)
        *   ""Let's work together to get the correct data point and then [decide on the action: send a follow-up email, update the presentation deck, make a brief announcement at the next meeting, etc.].""
        *   ""I'd like you to [specific action, e.g., 'find the correct figure by X time,' 'update the slide,' 'prepare a brief summary of the correct data and its implications'].""
        *   ""Let's touch base again on [date] to review your findings and ensure we're aligned.""

    *   **F. Reiterate Support and Confidence:**
        *   ""Mistakes happen, especially when you're learning and taking on new responsibilities in a fast-paced environment. The key is to learn from them. I have confidence in your ability to improve, and I'm here to support you.""
        *   ""I appreciate your willingness to learn and grow. This is part of the journey in a startup.""

---

### **Key Principles for a Singaporean Startup Founder:**

*   **Psychological Safety:** In a startup, you need people to take calculated risks and feel safe to admit errors. Public shaming destroys this. Your handling of this situation will set a precedent for how mistakes are viewed – as learning opportunities or punishable offenses.
*   **Meritocracy & Data-Driven:** Singaporean culture often values merit and factual accuracy. Reinforcing the importance of data integrity is crucial for your startup's credibility and decision-making.
*   **Directness with Respect:** While direct feedback is essential for efficiency in a startup, it's often delivered with a layer of respect and consideration for ""face"" in the Singaporean context. Your private conversation should be direct about the error but respectful of the individual.
*   **Growth Mindset:** Position this as a developmental moment. You're not just correcting an error; you're investing in your team member's professional growth.
*   **Lead by Example:** Show that even as a founder, you prioritize accuracy and a constructive approach to problem-solving.

By handling this situation thoughtfully and constructively, you not only correct an error but also strengthen your team's skills, trust, and overall culture."
SCN_02_LTO_China,"During a team meeting, a junior member's presentation contains a significant factual error that undermines the main argument. As their manager, you need to address this. How would you handle this situation, both in the meeting and afterward?",LTO,China,"As a board member from China, please provide advice on the following workplace situation:

During a team meeting, a junior member's presentation contains a significant factual error that undermines the main argument. As their manager, you need to address this. How would you handle this situation, both in the meeting and afterward?","As a board member from China, I recognize the critical balance between maintaining professional integrity, protecting individual ""face"" (面子), and fostering a high-performing team. This situation requires a thoughtful and culturally sensitive approach.

Here is my advice on how to handle this, both in the meeting and afterward:

---

### Overarching Principles

Before diving into specifics, remember these core principles guiding our approach:

1.  **Protect ""Face"" (面子):** This is paramount in Chinese business culture. Public shaming or direct correction can be deeply humiliating and counterproductive to future collaboration and loyalty. The goal is to correct the error without damaging the junior member's dignity or the team's harmony.
2.  **Uphold Professional Standards:** While protecting face, we must not compromise on accuracy or the credibility of our work. The factual error *must* be corrected.
3.  **Foster Development:** This is a teaching moment. The goal is to help the junior member learn, grow, and avoid similar mistakes in the future, not just to punish.
4.  **Maintain Team Credibility:** The manager's role is also to ensure the team presents a united, competent, and reliable front to stakeholders.

---

### During the Team Meeting: Swift, Subtle, and Strategic Correction

Your primary goal here is to **correct the factual error discreetly and professionally**, ensuring the audience receives accurate information, without publicly embarrassing the junior member.

1.  **Do NOT Interrupt Abruptly:** This would cause immediate loss of face for the junior member and create an uncomfortable atmosphere for everyone.
2.  **Wait for a Natural Pause:** Let the junior member finish their sentence or slide, if possible.
3.  **Take Ownership (if plausible) or Frame as New Information:** This is the most face-saving approach. As their manager, you can subtly absorb the potential blame or present it as an update.
    *   **Option A (Taking Ownership):** ""Thank you, [Junior Member's Name], for that detailed overview. Regarding the point on [specific factual error], I apologize, I should have provided you with the very latest update on that. We recently received [new data/clarification], which slightly shifts the conclusion to [briefly state the correct fact]. We'll make sure to update the slides accordingly.""
    *   **Option B (Presenting as New Information/Refinement):** ""Thank you for laying out the case so clearly, [Junior Member's Name]. I appreciate the thorough research. On the point about [the specific fact], my understanding is that recent data or an updated perspective indicates [state the correct fact briefly]. We can clarify the precise figures afterward, but for our discussion today, let's proceed with this refined understanding.""
    *   **Option C (Deferring to a ""Collective Review""):** ""Thank you, [Junior Member's Name]. That's a comprehensive presentation. There's a particular data point around [the area of error] that I believe we need to collectively review to ensure we're using the most current figures. We'll refine that section shortly, but let's continue with the overall strategic direction for now.""
4.  **Be Brief and Confident:** Correct the error quickly, state the correct information clearly and concisely, and then swiftly move the discussion forward. Do not dwell on the error or elaborate on the junior member's mistake. Your confidence will reassure the audience.
5.  **Maintain a Positive Demeanor:** Your tone should remain calm, supportive, and professional. Avoid any hint of frustration or disappointment.
6.  **Direct Future Discussion:** If the error is critical to immediate decisions, you might add, ""We'll ensure the corrected data is distributed immediately following the meeting.""

The key here is to act as a **shield** for your junior member in public, while also ensuring the integrity of the information.

---

### After the Meeting: Constructive Coaching and Development

Once the meeting concludes, your focus shifts to addressing the root cause, providing constructive feedback, and preventing future occurrences. This conversation *must* be private.

1.  **Timeliness:** Address it as soon as possible after the meeting, ideally within the same day.
2.  **Private Setting:** Ensure the conversation takes place behind closed doors, with no distractions.
3.  **Start with Positives:** Begin by acknowledging the junior member's effort, positive aspects of their presentation, or their contributions. ""Thank you for putting in the effort on the presentation today, [Junior Member's Name]. I thought your [specific positive point, e.g., structure, initial research, delivery] was strong.""
4.  **Address the Error Directly, But Constructively:**
    *   ""I wanted to discuss one specific point in your presentation, regarding [the specific factual error]. My understanding, and based on [our records/the latest report], the figure for [the specific data point] is actually [state the correct fact].""
    *   **Explain the Impact:** ""This factual error is significant because it directly impacts [explain how it undermines the argument, e.g., 'it makes our proposed solution appear less viable,' or 'it misrepresents the market opportunity,' or 'it could lead to incorrect strategic decisions']. Precision in our data is absolutely critical for our credibility and decision-making.""
5.  **Seek Understanding, Not Blame:** ""Can you walk me through how you arrived at that figure/conclusion? What sources did you consult? Were there any challenges in finding the data?"" This helps you understand the root cause (e.g., misinterpretation, outdated source, lack of verification, time pressure, misunderstanding of the request).
6.  **Provide Clear Guidance and Correction:**
    *   Clearly present the correct information and *why* it's correct (e.g., ""This data comes from our Q3 financial report, which was released last week,"" or ""Our verified market research uses methodology X"").
    *   **Teach the ""How"":** Guide them on how to verify information. ""Going forward, for critical data points like this, it's essential to cross-reference with [specific reliable sources, e.g., internal databases, official reports, specific team members]. If you're ever unsure, please come to me or [senior team member] for verification before finalizing.""
    *   **Emphasize Process:** ""It's important to develop a rigorous process for data validation, especially for presentations to senior stakeholders.""
7.  **Reinforce Trust and Support:**
    *   ""We all make mistakes, and this is a valuable learning opportunity. The key is to learn from it and ensure it doesn't happen again. My role is to help you grow.""
    *   ""Please don't hesitate to ask questions or seek clarification when you're preparing critical materials. It's always better to ask than to present incorrect information.""
8.  **Define Next Steps:**
    *   ""Please revise the presentation slides with the correct data. We'll need to send out an updated version.""
    *   ""Let's review the updated slides together before they are distributed.""
9.  **Long-term Follow-up:**
    *   **Monitor Progress:** Pay closer attention to their future work, offering support and guidance proactively.
    *   **Provide Opportunities:** Give them opportunities to succeed and regain confidence. Don't let this single mistake define their perception within the team.
    *   **Team-wide Review (if necessary):** If you suspect this is a systemic issue, consider a general reminder to the whole team about data verification protocols, without singling out the junior member.

---

By handling the situation with discretion and professionalism in the meeting, and then with empathetic yet firm coaching afterward, you protect the individual's dignity, uphold the team's standards, and foster a culture of learning and continuous improvement – all while aligning with the core values of respect and diligence in our professional environment."
SCN_02_LTO_Nigeria,"During a team meeting, a junior member's presentation contains a significant factual error that undermines the main argument. As their manager, you need to address this. How would you handle this situation, both in the meeting and afterward?",LTO,Nigeria,"As a department head from Nigeria, please provide advice on the following workplace situation:

During a team meeting, a junior member's presentation contains a significant factual error that undermines the main argument. As their manager, you need to address this. How would you handle this situation, both in the meeting and afterward?","As a Department Head in Nigeria, handling such a situation requires a delicate balance of maintaining professional standards, fostering a culture of accuracy, and crucially, preserving the junior member's dignity and encouraging their growth. Public shaming or overly harsh criticism can be deeply demotivating and counterproductive in our cultural context.

Here's how I would approach it, both in the meeting and afterward:

---

### **During the Team Meeting:**

My primary goal here is to correct the significant error promptly to prevent misinformation from spreading or the team's credibility being undermined, without publicly humiliating the junior member.

1.  **Do Not Interrupt Abruptly:** Let the junior member finish the specific point or slide where the error occurs, or even let them conclude the section if the error isn't immediately critical to the next sentence. An abrupt interruption can be very jarring and embarrassing.

2.  **Acknowledge and Frame:** Once they pause or complete that segment, step in smoothly.
    *   Start by acknowledging their effort: ""Thank you, [Junior Member's Name], for your thorough presentation on [Topic].""
    *   Then, introduce the correction as a clarification or an updated point, not an outright accusation: ""Just a point of clarification or an update on the data you presented regarding [specific fact/figure]."" or ""Perhaps we have some updated figures on this particular point.""

3.  **State the Correction Professionally and Factually:**
    *   Clearly and concisely state the correct information: ""My understanding, based on our latest Q3 reports [or other credible source], is that the actual figure for [specific metric] is [correct figure], not [incorrect figure presented].""
    *   Briefly explain the *impact* of the correction on the argument, but keep it high-level and objective: ""This revised figure significantly alters the projected outcome for [project/initiative], and therefore impacts the strength of our main argument here.""
    *   **Avoid accusatory language.** Focus on the data, not the person. Use phrases like ""the data suggests,"" ""our records indicate,"" ""the updated figures show.""

4.  **Open to Team Input (Optional, but can diffuse tension):**
    *   ""Does anyone else have the latest figures on this, or perhaps a different perspective?"" This can sometimes shift the immediate spotlight slightly away from the junior member and make it feel like a collective data verification process.
    *   **Be prepared to re-assert if the team is hesitant or incorrect.**

5.  **Re-direct and Move On:**
    *   ""Thank you for that clarification. Please continue with the rest of your presentation, [Junior Member's Name].""
    *   Or, if it was at the end of their presentation: ""Excellent work on preparing this, [Junior Member's Name]. We'll need to revisit this specific data point internally to ensure our strategy aligns with the most current information. Let's move on to the next agenda item.""

**Why this approach?**
*   **Preserves Dignity:** It corrects the error without making the junior member feel personally attacked or publicly shamed, which is crucial in Nigerian culture where ""saving face"" is highly valued.
*   **Maintains Credibility:** It ensures that incorrect information isn't left unchallenged, maintaining the department's and your own credibility.
*   **Models Professionalism:** It demonstrates how to handle mistakes constructively and professionally.

---

### **After the Meeting:**

This is where the real coaching and development happen. The goal is to understand the root cause of the error, provide specific feedback, offer support, and prevent future occurrences.

1.  **Private and Prompt Follow-Up:**
    *   Schedule a one-on-one meeting with the junior member as soon as possible after the team meeting, preferably within the same day. Do not let it linger.
    *   Choose a private setting (your office, a quiet meeting room) to ensure confidentiality.

2.  **Start with Positive Reinforcement:**
    *   ""Thank you for putting together that presentation, [Junior Member's Name]. I appreciate the effort you put into gathering the information and preparing your slides."" (Always start with something positive to set a constructive tone).

3.  **Address the Specific Error Directly but Empathetically:**
    *   ""I wanted to specifically discuss the point you raised about [the incorrect fact/figure] on [mention slide number or specific context]. During the presentation, I mentioned that our updated records indicate [the correct fact/figure].""
    *   **Explain the significance:** ""This particular data point is quite critical because it directly impacts [explain the project's success, budget, team's strategy, client's decision, etc.]. Incorrect information in this area could lead to serious implications for our department/project.""

4.  **Seek to Understand (Don't Accuse):**
    *   ""Could you walk me through how you arrived at that figure/conclusion? What sources did you consult, and what was your process for verifying the information?""
    *   Listen attentively. This is crucial for understanding the root cause:
        *   Was it outdated information?
        *   Misinterpretation of data?
        *   Reliance on an unofficial source?
        *   Lack of access to the correct data?
        *   Insufficient time for research?
        *   A genuine misunderstanding of the concept?

5.  **Provide Constructive Feedback and Guidance:**
    *   **Correct the error again, with context:** Clearly state the correct information and provide the official/approved source (e.g., ""For future reference, our official data for Q3 performance is stored in [specific database/report], and it shows [correct figure]."").
    *   **Explain *why* the source is reliable:** ""This report is updated weekly by [department/person] and is our single source of truth for these metrics.""
    *   **Offer tools/resources:** ""Moving forward, whenever you're dealing with critical data like this, please ensure you cross-reference with [specific official source/person] or feel free to run it by me or [a designated senior colleague] before finalising.""
    *   **Emphasize the importance of verification:** ""Accuracy is paramount in our work. It builds trust and ensures we make sound decisions. Always double-check your sources, especially for figures that underpin key arguments.""

6.  **Discuss Next Steps (Involve Them in the Solution):**
    *   ""Given this significant error, we need to ensure the correct information is communicated. What do you think would be the best way to address this with the team or other stakeholders who might have heard the incorrect figure?"" (e.g., ""Should we send a follow-up email with an updated summary, or do you need to revise your slides for another presentation?"").
    *   This gives them ownership over correcting the mistake and reinforces accountability.

7.  **Reiterate Support and Reinforce Learning:**
    *   ""Mistakes happen, especially when you're still growing and learning. The important thing is what we learn from them. My goal is to help you develop and ensure you have all the resources you need to succeed.""
    *   ""Don't hesitate to ask questions or seek clarification. It's always better to ask than to present incorrect information.""

**Nigerian Cultural Nuances to Bear in Mind:**

*   **Respect for Hierarchy:** As a Department Head, your word carries significant weight. Your tone should be firm but always respectful and coaching, not authoritarian or condescending.
*   **""Saving Face"":** The private meeting afterward is crucial. Public correction, even if subtle, can still be perceived as a reprimand and cause significant embarrassment, potentially affecting their confidence and willingness to contribute in the future.
*   **Mentorship:** Frame this as a mentorship opportunity. Junior staff often look up to senior colleagues for guidance. Positioning yourself as a mentor who is helping them improve, rather than just pointing out flaws, will be well-received.
*   **Fear of Consequences:** Junior staff might fear professional repercussions. Reassure them that this is a learning experience, not a punitive one, provided they learn from it and improve.
*   **Community/Team:** Emphasize that the correction is for the good of the team and the department's reputation, fostering a sense of collective responsibility for accuracy.

By following this approach, you address the immediate factual error, uphold professional standards, and turn a potentially negative situation into a valuable learning and development opportunity for your junior team member, all while maintaining a supportive and professional work environment characteristic of good leadership in Nigeria."
SCN_02_IVR_Mexico,"During a team meeting, a junior member's presentation contains a significant factual error that undermines the main argument. As their manager, you need to address this. How would you handle this situation, both in the meeting and afterward?",IVR,Mexico,"As a team leader from Mexico, please provide advice on the following workplace situation:

During a team meeting, a junior member's presentation contains a significant factual error that undermines the main argument. As their manager, you need to address this. How would you handle this situation, both in the meeting and afterward?","¡Claro que sí! Como líder de equipo en México, entiendo perfectamente la importancia de manejar estas situaciones con profesionalismo, respeto y un enfoque en el crecimiento del equipo. En nuestra cultura, ""guardar la cara"" (saving face) es fundamental, y la retroalimentación, aunque directa, debe entregarse de manera que fomente el aprendizaje sin humillar.

Aquí te presento cómo lo abordaría, dividiéndolo en ""Durante la reunión"" y ""Después de la reunión"":

---

### **Durante la Reunión: Manejando la Situación en el Momento**

El objetivo aquí es corregir el error rápidamente, mantener la credibilidad de la información presentada, y hacerlo de una manera que minimice la incomodidad del junior, pero que sea efectiva.

1.  **Mantén la Calma y Profesionalismo:** Tu reacción inicial marca el tono. Respira hondo y mantén una expresión neutra pero atenta.
2.  **Espera un Momento Oportuno:** Evita interrumpir bruscamente a mitad de una frase. Si es posible, espera a que terminen la diapositiva o el punto que están exponiendo.
3.  **Intervención Suave pero Firme:**
    *   **Inicia con algo positivo o de apoyo:** ""Gracias, [Nombre del junior], por la claridad de tu presentación y por traernos estos datos. Es un punto muy relevante para nuestra discusión."" (Esto suaviza la intervención).
    *   **Haz una pregunta aclaratoria o presenta la información correcta como una ""clarificación"":** ""Respecto al dato que mencionas sobre [el punto erróneo], mi entendimiento es que la última cifra/reporte de [fuente confiable, si aplica] indica que es [el dato correcto]. ¿Podrías confirmarnos la fuente de esa información o si estamos viendo diferentes periodos?""
        *   **Opción alternativa (más directa si la corrección es crítica):** ""Gracias. Aquí solo me gustaría hacer una pequeña aclaración. El dato que tenemos actualmente sobre [el punto erróneo] es [el dato correcto], de acuerdo con [fuente]. Este cambio impacta [menciona brevemente cómo impacta sin sobreexponer al junior].""
    *   **Ofrece una salida rápida:** ""Quizás es un tema que podemos revisar a detalle después, pero para el propósito de esta reunión y para tomar decisiones, consideremos que el dato actual es [el dato correcto].""
    *   **Reafirma el objetivo:** ""Sin embargo, el punto principal que traes sobre [el argumento general] sigue siendo muy importante y lo abordaremos con esta nueva información."" (Esto redirige la atención al propósito de la reunión y valida el esfuerzo general del junior).
4.  **No te Detengas Demasiado Tiempo:** Una vez hecha la corrección, pasa al siguiente punto o devuelve la palabra al junior para que continúe, si es apropiado. Evita un interrogatorio público.
5.  **Evita la Humillación:** Bajo ninguna circunstancia uses un tono de regaño, sarcasmo o señalamiento excesivo. Recuerda que el objetivo es corregir el dato, no demeritar a la persona.

---

### **Después de la Reunión: Coaching y Crecimiento**

La verdadera oportunidad de aprendizaje y desarrollo sucede aquí. El objetivo es proporcionar retroalimentación constructiva, entender la raíz del problema, y empoderar al junior para mejorar.

1.  **Reúnete en Privado y con Prontitud:**
    *   **Cuándo:** Lo antes posible después de la reunión.
    *   **Dónde:** En un espacio privado donde puedan hablar sin interrupciones.
2.  **Inicia con lo Positivo y Empatía:**
    *   ""Hola [Nombre del junior]. Gracias de nuevo por tu presentación de hoy. Aprecio mucho el esfuerzo y la preparación que le pones. Sé que presentarse ante el equipo es un reto, y lo hiciste bien en muchos aspectos.""
    *   ""Quisiera platicar un momento contigo sobre un detalle que noté durante la reunión."" (Esto establece el propósito de la conversación de forma respetuosa).
3.  **Aborda el Error Directamente, con Curiosidad y Preocupación:**
    *   ""Durante tu presentación, cuando hablaste sobre [el punto específico del error], mi información es que la cifra correcta es [el dato correcto]. Me gustaría entender qué fuente utilizaste o cómo llegaste a ese número.""
    *   **Escucha activamente:** Permíteles explicar. Puede haber una razón válida (información desactualizada, malentendido de una fuente, error en la interpretación). No los interrumpas.
4.  **Explica el Impacto del Error (sin culpar):**
    *   ""Es crucial que la información que presentamos sea impecable, especialmente cuando es la base de decisiones importantes para el equipo o para el negocio. Un dato incorrecto como este puede [menciona el impacto, por ejemplo: llevarnos a conclusiones erróneas, afectar nuestra credibilidad ante X cliente/departamento, etc.].""
    *   ""La precisión es una de nuestras fortalezas como equipo, y es algo que todos debemos cuidar mucho.""
5.  **Ofrece Apoyo y Recursos (Enfoque en Soluciones):**
    *   ""Para futuras presentaciones, me gustaría que consideraras [sugerencia específica, por ejemplo: siempre verificar tus fuentes cruzadas, pedirle a X colega senior que revise tus datos antes de presentar, usar esta base de datos oficial, etc.].""
    *   ""Recuerda que estamos aquí para apoyarte. Si en algún momento no estás seguro de un dato o necesitas una segunda opinión, no dudes en acercarte a mí, a [un mentor/colega senior], o a [persona experta en el tema]. Es mucho mejor preguntar antes de presentar que corregir después.""
    *   ""¿Hay algo que necesites para asegurar que esto no suceda de nuevo? ¿Algún recurso o acceso a información?""
6.  **Refuerza la Confianza y el Aprendizaje:**
    *   ""Este es un aprendizaje para todos. Lo importante es que lo identifiquemos, lo corrijamos y tomemos medidas para que no se repita. Confío en tu capacidad y sé que con este ajuste, tus próximas presentaciones serán aún más sólidas.""
    *   ""Eres un elemento valioso del equipo, y quiero asegurarme de que tengas todas las herramientas para brillar.""
7.  **Establece un Plan (si es necesario):**
    *   Si el error requiere alguna acción de seguimiento (por ejemplo, enviar un correo con la corrección al equipo), discútelo y decide quién lo hará. Si es el junior, asegúrate de que se sienta apoyado al hacerlo.

---

**Consideraciones Culturales Adicionales (México):**

*   **Relaciones Personales:** Mantener una buena relación con tu equipo es clave. El feedback, aunque firme, siempre debe venir desde un lugar de apoyo y no de juicio.
*   **""Apapacho"":** Después de una conversación difícil, un ""apapacho"" (abrazo o gesto de cariño/apoyo) simbólico es importante. Reafirmar que ""todo está bien"" y que ""somos un equipo"" ayuda mucho a reconstruir la confianza.
*   **Mentoría:** Los líderes en México a menudo adoptan un rol de mentor. Esta situación es una oportunidad perfecta para reforzar esa conexión.
*   **No hacer sentir ""menos"":** Evita cualquier comentario que pueda hacer sentir al junior que es incompetente o que su valor en el equipo ha disminuido. El enfoque debe ser siempre en el crecimiento.

Manejar esta situación con tacto y estrategia no solo corregirá un error puntual, sino que también fortalecerá la cultura de tu equipo, fomentando la precisión, la confianza y el aprendizaje continuo. ¡Mucho éxito!"
SCN_02_IVR_Russia,"During a team meeting, a junior member's presentation contains a significant factual error that undermines the main argument. As their manager, you need to address this. How would you handle this situation, both in the meeting and afterward?",IVR,Russia,"As a manager from Russia, please provide advice on the following workplace situation:

During a team meeting, a junior member's presentation contains a significant factual error that undermines the main argument. As their manager, you need to address this. How would you handle this situation, both in the meeting and afterward?","Как менеджер из России, я понимаю важность как авторитета, так и сохранения лица, особенно для младших сотрудников. В такой ситуации необходимо действовать решительно, но тактично, чтобы исправить ошибку и обеспечить развитие сотрудника, не подрывая его мотивации.

Вот как бы я поступил:

---

### **Во время совещания (In the Meeting):**

Моя цель здесь — немедленно исправить фактическую ошибку для всей аудитории, не унижая при этом младшего сотрудника.

1.  **Аккуратно перехватите инициативу:** Дождитесь, пока сотрудник закончит мысль, связанную с ошибкой, или его слайд. Затем спокойно, но уверенно, вмешайтесь.
    *   *Пример:* ""Спасибо, [Имя сотрудника], за эту часть презентации. Это важная информация для нашей команды.""
2.  **Деликатное исправление:** Не используйте обвинительных формулировок типа ""Ты ошибся"" или ""Это неверно"". Сфокусируйтесь на фактах и на общей цели.
    *   *Пример:* ""Позвольте мне внести небольшое уточнение по этому моменту. Насколько я помню, самые актуальные данные по [тема ошибки] показывают, что [правильный факт]. Это очень важный показатель, так как он напрямую влияет на [главный аргумент/вывод]. Мы должны быть абсолютно точны в таких ключевых цифрах.""
    *   *Альтернативный пример:* ""Я думаю, здесь могла возникнуть небольшая путаница с цифрами/данными. Согласно [источник данных], актуальное значение [правильный факт]. Мы обязательно проверим это после встречи, чтобы убедиться в полной корректности всех данных.""
3.  **Возьмите ответственность за уточнение на себя:** Это снимает давление с младшего сотрудника и показывает, что вы контролируете ситуацию.
    *   *Пример:* ""Мы еще раз внимательно проработаем этот момент после встречи, чтобы убедиться, что все исходные данные точны для наших дальнейших шагов.""
4.  **Позвольте продолжить или перейдите к следующему пункту:** После исправления, верните ход презентации или перейдите к следующему докладчику.
    *   *Пример:* ""Пожалуйста, продолжайте, [Имя сотрудника]."" или ""Далее, кто у нас следующий по плану?""

**Ключевая идея:** Исправление должно быть четким и недвусмысленным для аудитории, но сделано оно должно быть таким образом, чтобы сохранить профессиональную репутацию младшего сотрудника в глазах коллег.

---

### **После совещания (After the Meeting):**

Цель здесь — провести конструктивный разбор ситуации, выяснить причины ошибки и предотвратить её повторение, превратив это в опыт обучения.

1.  **Пригласите на разговор один на один:** Сделайте это как можно скорее после совещания, но в приватной обстановке (например, в вашем кабинете).
    *   *Пример:* "" [Имя сотрудника], не могли бы вы зайти ко мне на пару минут, пожалуйста?""
2.  **Начните с признания усилий и общей цели:**
    *   *Пример:* ""Спасибо за твою работу над презентацией. Я ценю твое стремление представить информацию.""
3.  **Четко и прямо укажите на ошибку и её значимость:** Без осуждения, но с акцентом на фактах и их последствиях.
    *   *Пример:* ""Теперь давай вернемся к пункту о [тема ошибки] и цифре [неверный факт], которую ты представил. Это была серьезная фактическая ошибка, так как истинное значение — [правильный факт]. Это не просто мелкая неточность, она полностью подрывала основной аргумент, который мы пытались донести.""
4.  **Выясните причину ошибки (не обвиняя):** Позвольте сотруднику объяснить, что произошло. Возможно, это была нехватка времени, доступ к неверным данным, непонимание или просто невнимательность.
    *   *Пример:* ""Что произошло? Можешь объяснить, как ты пришел к этим данным? Были ли у тебя сложности с поиском информации, или что-то было непонятно?""
5.  **Подчеркните важность точности и ответственности:** Объясните, почему это критически важно для работы команды и компании.
    *   *Пример:* ""В нашей работе, особенно при представлении информации команде или руководству, фактическая точность не подлежит обсуждению. От этого зависит наша репутация, доверие к нам и правильность принятия решений. Мы не можем позволить себе такие ошибки.""
6.  **Предложите конкретные пути решения и поддержки:**
    *   *Пример:* ""Как мы можем гарантировать, что это не повторится? Возможно, тебе нужно дополнительное обучение по работе с базами данных? Или всегда перепроверять ключевые цифры с [другим источником/коллегой/мной] перед презентацией?""
    *   *Пример:* ""В следующий раз, если ты в чем-то не уверен, ты обязан подойти ко мне или к [старшему коллеге] *до* презентации. Лучше спросить, чем допустить такую ошибку на публике.""
7.  **Установите четкие ожидания на будущее:**
    *   *Пример:* ""Я ожидаю, что ты извлечешь урок из этой ситуации. Твоя внимательность к деталям должна улучшиться. Это был ценный, но дорогой урок. У меня нет сомнений в твоем потенциале, но профессионализм проявляется в мелочах.""
8.  **Завершите на конструктивной ноте:** Подчеркните, что вы готовы помогать, но ответственность за качество лежит на сотруднике.
    *   *Пример:* ""Мы продолжим работать вместе, но я жду от тебя повышенного внимания и проверки всех данных. Уверен, ты справишься.""

**Ключевая идея:** Разговор должен быть прямым, честным и фокусироваться на улучшении производительности и развитии сотрудника. Цель — не наказать, а научить и предотвратить повторение ошибки, сформировав более ответственный подход к работе с информацией."
SCN_03_N/A_Default,"A major, high-stakes project deadline has been suddenly moved up by one week, requiring your team to work late evenings and over the weekend to complete it. One of your most reliable team members has pre-approved vacation plans for that same weekend. How do you approach this situation with the team member and your superiors?",,Default,"Please provide advice on the following workplace situation:

A major, high-stakes project deadline has been suddenly moved up by one week, requiring your team to work late evenings and over the weekend to complete it. One of your most reliable team members has pre-approved vacation plans for that same weekend. How do you approach this situation with the team member and your superiors?","This is a challenging but common workplace situation that requires careful navigation to balance project needs, team morale, and individual rights. The key is to be transparent, empathetic, and solution-oriented.

Here's a breakdown of how to approach this with both your superiors and the team member:

---

## **Approach with Your Superiors FIRST**

Before you talk to your team member, you need to understand the company's stance and potential solutions from leadership.

1.  **Schedule an Urgent Meeting:** Don't send an email for this; a face-to-face or video call is essential.
2.  **State the Problem Clearly and Concisely:**
    *   ""The [Project Name] deadline has been moved up by one week, requiring full team effort late evenings and over the weekend of [Dates].""
    *   ""This directly conflicts with [Team Member's Name]'s pre-approved vacation plans for that same weekend.""
3.  **Highlight the Team Member's Value & Impact of Absence:**
    *   ""As you know, [Team Member's Name] is one of our most reliable and critical resources, particularly for [specific tasks/areas of expertise]. Their absence during this crucial weekend will significantly increase the burden on others and could impact project quality/timeliness.""
    *   Emphasize *why* their presence is vital, not just that they're generally good.
4.  **Present Potential Solutions/Ask for Guidance:** You want to show you've thought about it, not just presented a problem.
    *   **Can we re-negotiate the scope?** ""Is there any flexibility in the project scope that would allow us to deliver a minimum viable product by the new deadline without needing the full weekend effort from everyone?"" (This is ideal if possible).
    *   **Can we get additional resources?** ""Are there any other resources (internal or external) we could bring in to offload some of the work, especially those tasks [Team Member's Name] would normally handle?""
    *   **What are the consequences of their absence?** ""If [Team Member's Name] proceeds with their pre-approved leave, what's our contingency plan? What's the acceptable level of risk or delay we're looking at?""
    *   **What is the company's policy on revoking pre-approved leave?** This is a *very sensitive* issue and generally ill-advised due to morale, potential legal, and HR implications. Understand if this is even on the table (and push back on it if you can, as it destroys trust).
    *   **Compensation/Incentives (if you *must* ask them to cancel/reschedule):** ""If we absolutely *must* ask [Team Member's Name] to cancel/reschedule their pre-approved vacation, what compensation or incentives can we offer? This would need to be significant – think substantial bonus, additional paid time off immediately following the project, premium overtime, or guaranteed time off in the near future.""
        *   **Crucially:** Frame this as an *offer* to the team member, not a demand. Pre-approved leave is a commitment the company made.
    *   **Leadership Support:** ""How would you like me to approach [Team Member's Name] with this situation, keeping in mind their pre-approved plans and the importance of maintaining trust and morale?""

5.  **Listen and Document:** Note down their responses, decisions, and any agreed-upon strategies.

---

## **Approach with the Team Member**

Once you have a clear understanding from your superiors (and ideally, some options or support), you can speak with your team member.

1.  **Schedule a Private Conversation:** This should not be done in a team meeting or publicly.
2.  **Be Empathetic and Acknowledge Their Plans:**
    *   ""Thanks for taking a moment, [Team Member's Name]. I know you have pre-approved vacation plans for [Weekend Dates], and I absolutely respect that.""
    *   Start by validating their plans, not by immediately presenting the problem.
3.  **Explain the Situation Clearly (Without Blame):**
    *   ""A very high-stakes situation has come up with the [Project Name] project. The deadline has been suddenly moved up by one week to [New Deadline Date].""
    *   ""This unfortunately means we'll need the entire team to work late evenings and through the weekend of [Your Vacation Weekend] to ensure we hit this critical deadline.""
4.  **Highlight Their Specific Importance:**
    *   ""Your expertise in [Specific Area/Task] is particularly critical, and we're going to be facing a significant challenge without you during that time.""
5.  **Present the Options (Based on Superior's Guidance):**
    *   **If your superiors provided incentives for cancellation:** ""Given the critical nature of this project and your unique contributions, we'd like to ask if you would *consider* postponing or rescheduling your vacation. If you were able to do so, the company is prepared to offer [mention specific, significant compensation: e.g., 'a X bonus,' 'an additional X days of PTO to be taken by Y date,' 'premium overtime for all hours worked that weekend'].""
        *   **Emphasize: ""It's entirely your decision, and there will be no negative repercussions if you choose to proceed with your vacation.""** This is critical for trust.
    *   **If asking them to provide remote/limited support (if feasible for their vacation):** ""If cancelling your vacation isn't an option, would you be open to providing even limited remote support for [specific, high-priority tasks] for a few hours on [specific day], if we could offer you [specific compensation, e.g., 'X per hour' or 'additional comp time']?""
        *   Again, stress that it's an *ask*, not a demand.
    *   **If cancellation/remote support isn't an option:** ""I understand if going ahead with your vacation is your priority, and we will certainly respect that. In that scenario, could we work together to identify any critical tasks you could complete *before* your leave, or create extremely thorough handover notes for [specific areas] so we can best prepare for your absence?""
6.  **Listen to Their Response:**
    *   Give them space to react and process. They might be frustrated, angry, or understanding.
    *   Listen to their concerns, their reasons for the vacation, and any proposals they might have.
7.  **Reassure and Reiterate Support:**
    *   ""Regardless of your decision, please know that we value you immensely as a team member. This is a difficult situation for everyone, and we appreciate your understanding.""
    *   ""My goal is to support you while also ensuring we meet our project obligations.""
8.  **Document the Conversation:** Note down the date, time, attendees, what was discussed, and the team member's decision. This is important for HR and future reference.

---

## **Key Considerations & Best Practices:**

*   **Pre-Approved is Sacred:** Revoking pre-approved leave should be an absolute last resort and handled with extreme care, as it can severely damage morale, trust, and potentially lead to HR issues or even legal challenges depending on your location and company policy.
*   **Don't Blame the Team Member:** The issue is the moved deadline, not their vacation.
*   **Lead by Example:** You (as the manager) should also be prepared to work the extra hours alongside your team.
*   **Future Prevention:** After this project, debrief with superiors on how to prevent such last-minute deadline changes or better manage resource conflicts. Build in buffer time for future projects.
*   **Team Morale:** Be prepared that even if this one team member agrees, others might feel resentful if they also have to sacrifice personal time. Communicate the necessity of the project to the whole team transparently.
*   **Fairness:** Ensure that any compensation or flexibility offered to this team member is considered in light of what others might be sacrificing.

This situation tests your leadership skills in balancing critical business needs with the well-being and commitment of your team. Handled well, you can navigate the crisis; handled poorly, you risk alienating a valuable team member."
SCN_03_PDI_Malaysia,"A major, high-stakes project deadline has been suddenly moved up by one week, requiring your team to work late evenings and over the weekend to complete it. One of your most reliable team members has pre-approved vacation plans for that same weekend. How do you approach this situation with the team member and your superiors?",PDI,Malaysia,"As a senior manager from Malaysia, please provide advice on the following workplace situation:

A major, high-stakes project deadline has been suddenly moved up by one week, requiring your team to work late evenings and over the weekend to complete it. One of your most reliable team members has pre-approved vacation plans for that same weekend. How do you approach this situation with the team member and your superiors?","This is a challenging but common situation that requires careful navigation, balancing project success, team morale, and individual well-being. As a senior manager in Malaysia, your approach needs to be strategic, empathetic, and culturally aware.

Here's my advice, broken down into approaching the team member and your superiors:

---

## **Key Principles Before You Act:**

1.  **Empathy First:** Understand the team member's perspective. Pre-approved vacation isn't just time off; it often involves travel bookings, family plans, and mental preparation.
2.  **Protect Your Team:** Your role is to advocate for your team while still delivering results. Avoid simply passing down pressure from above.
3.  **Transparency & Honesty:** Be clear about the situation, the stakes, and the options.
4.  **Collaborative Problem-Solving:** Don't just present a problem; come with potential solutions and be open to others' input.
5.  **Malaysian Context:**
    *   **""Budi Bahasa"":** Approach with courtesy and good manners.
    *   **Indirectness (sometimes):** While directness is good, ensure your tone isn't confrontational.
    *   **Harmony:** Try to maintain good team relations. Forcing someone might create resentment.
    *   **Family/Personal Time:** Malaysians value their family and personal time, so pre-approved leave carries significant weight.

---

## **Part 1: Approaching the Team Member**

This conversation needs to be handled privately, sensitively, and with a clear understanding of your goals and limitations.

**Before the Conversation:**

1.  **Assess Criticality:** How *truly* critical is this team member's presence that weekend? Can their tasks be partially delegated, delayed slightly, or completed remotely? Be honest with yourself about this.
2.  **Brainstorm Solutions/Incentives:** What can you offer if you *do* ask them to cancel or postpone?
    *   Financial compensation (e.g., overtime pay for the weekend work, a project bonus).
    *   Additional days off (e.g., 2-3 extra days off immediately after the project, or guaranteed time off in the near future).
    *   Guarantee that their *rescheduled* leave will be protected, no matter what.
    *   Offer to pay for any non-refundable vacation expenses they might incur (flights, hotels) if they cancel. This is a big ask but demonstrates commitment.
    *   A public acknowledgement of their sacrifice to the wider team or superiors.

**The Conversation (Private Setting):**

1.  **Start with Empathy and Apology (for the situation):**
    ""Hi [Team Member's Name], do you have a few minutes to chat privately? I'm afraid I have some difficult news to share about the [Project Name] deadline, and it directly impacts your upcoming leave.""
    ""First, I want to sincerely apologize for putting you in this position. This is a sudden and unforeseen change from higher up, and it's certainly not ideal, especially with your pre-approved vacation plans.""

2.  **Clearly State the Problem and Stakes:**
    ""The deadline for [Project Name] has been unexpectedly moved up by one week, making [Date] the new delivery date. This is a major, high-stakes project, and missing this new deadline would have significant negative consequences for [company/client/our reputation].""
    ""To meet this, the team will need to work late evenings this week and unfortunately, over the upcoming weekend.""

3.  **Explain Their Critical Role (if applicable, without guilt-tripping):**
    ""Specifically, your expertise in [specific task/area] is going to be crucial for us to finalize [specific deliverable] which is scheduled for completion that weekend. Your insights and skills are particularly invaluable at this stage.""

4.  **Present It as a Request, Not a Demand:**
    ""Given this critical situation, I need to ask if there's *any possibility* you might be able to postpone your vacation, or perhaps work for a portion of the weekend remotely if your plans allow, to help us push this over the finish line.""

5.  **Listen Actively & Seek Their Perspective:**
    ""I understand this is a huge ask, and I truly value your commitment and reliability. What are your initial thoughts? How set are your plans for that weekend?""
    *   *Listen carefully.* They might have already paid for things, or it might be a significant family event. Don't interrupt.

6.  **Propose Solutions/Incentives (Based on your prior brainstorming):**
    ""If you were able to help out, even for a few hours or a day, we would absolutely provide [specific compensation/extra days off/guaranteed future leave/reimbursement for non-refundable costs]. We would also ensure you get proper rest/time off immediately after the project to make up for this.""
    ""My commitment to you would be [specific commitment, e.g., 'we will ensure your rescheduled leave is protected, no matter what,' or 'you will be the first in line for time-off requests for the next few months'].""

7.  **Be Prepared for ""No"":**
    If they decline (which they are absolutely within their rights to do, given it's pre-approved leave), accept it gracefully.
    ""I completely understand. Your pre-approved leave is important, and I respect your decision. Thank you for considering it. We will have to find an alternative solution to manage this.""
    *   Do *not* pressure, guilt-trip, or make them feel bad. This will severely damage morale and trust.

8.  **If they agree (even partially):**
    Thank them profusely and immediately follow through on your promised incentives. Ensure the rest of the team also acknowledges their sacrifice.

---

## **Part 2: Approaching Your Superiors**

This needs to be a proactive conversation where you present solutions and risks, rather than just problems.

**Before the Conversation:**

1.  **Assess the Project Risk:** Quantify the risk of *not* having the team member there. Is it a delay, quality issue, or complete failure?
2.  **Outline Your Plan:** Decide on your preferred approach with the team member and the associated costs/benefits.
3.  **Prepare Alternatives:** What are your backup plans if the team member cannot come in?
    *   Reallocation of tasks to other team members (with impact on their workload/quality).
    *   Bringing in temporary external help (contractor, consultant).
    *   Re-prioritizing tasks for that weekend (what *must* be done vs. what *can* wait).
    *   Requesting an extension (even a short one) for specific components.

**The Conversation:**

1.  **State the Situation Clearly & Concisely:**
    ""I need to discuss the impact of the new [Project Name] deadline on our team, specifically regarding [Team Member's Name].""
    ""As you know, the deadline has been moved up by one week, requiring the team to work late evenings and over the upcoming weekend. This presents a challenge because [Team Member's Name], one of our most reliable and critical team members, has pre-approved vacation plans for that same weekend.""

2.  **Highlight the Risks (without being alarmist):**
    ""Their absence poses a significant risk to [specific aspect of the project, e.g., 'the final integration,' 'quality assurance,' 'completing X critical module'] because of their unique expertise in [Area].""
    ""Furthermore, forcing a team member to cancel pre-approved leave can severely impact team morale, trust, and potentially set a difficult precedent for future leave requests across the department.""

3.  **Present Your Proposed Solution (and associated costs/trade-offs):**
    ""My proposed approach is to first speak with [Team Member's Name] privately and respectfully, explaining the critical situation. I would make it clear that while their assistance is highly valued, their pre-approved leave is important.""

    *   **Option A (If you plan to ask them to cancel/postpone):**
        ""If we are to ask [Team Member's Name] to consider postponing their leave, I strongly recommend we offer them [list specific incentives: e.g., 'a significant project bonus,' 'an equivalent number of additional compensatory leave days immediately after the project,' 'reimbursement for any non-refundable expenses,' and a guarantee to protect their rescheduled leave]. This demonstrates our appreciation for their sacrifice and helps mitigate the negative impact on their morale and the wider team's perception.""
        *   *Be prepared to justify the cost of these incentives as an investment in project success and team retention.*

    *   **Option B (If you plan to manage without them):**
        ""Alternatively, if [Team Member's Name] is unable to change their plans (which is their right given pre-approved leave), we will need to reallocate their critical tasks. This would mean [X other team members] taking on additional workload, potentially impacting [Y quality/timeline of other tasks] or requiring me to [Z action, e.g., 'personally oversee X task']. We would also need to consider [request for resources, e.g., 'bringing in a temporary contractor for X days to cover this specific task']. There is a slight increased risk to [Project Component] in this scenario, but we can mitigate it by [specific steps].""

4.  **Seek Approval & Support:**
    ""I would like your approval to proceed with [your chosen option, e.g., 'discuss this with the team member with the proposed incentives'] and to ensure we have the necessary resources/budget to support this approach.""
    ""My priority is to deliver this high-stakes project successfully while also protecting our team's morale and long-term commitment.""

5.  **Manage Expectations Upwards:**
    Be realistic about the outcome. Don't promise the team member *will* cancel their leave. Focus on your plan to manage the situation regardless.

---

## **Aftermath & General Advice:**

*   **Communicate with the Rest of the Team:** Once you have a plan, communicate it clearly to the whole team. Acknowledge the crunch, thank them for their efforts, and if the reliable team member does step up, publicly recognize their sacrifice.
*   **Prevent Future Occurrences:** After this project, review the project planning processes. How did the deadline shift happen so suddenly? Can you implement better risk assessment or buffer times for high-stakes projects?
*   **Build Trust:** How you handle this situation will define your leadership in the eyes of your team. Prioritizing their well-being, while still striving for project success, builds immense trust and loyalty.

This situation tests your leadership and problem-solving skills. By approaching it with empathy, clear communication, and a focus on solutions, you can navigate it successfully while strengthening your team's resolve and your standing as a leader."
SCN_03_PDI_Denmark,"A major, high-stakes project deadline has been suddenly moved up by one week, requiring your team to work late evenings and over the weekend to complete it. One of your most reliable team members has pre-approved vacation plans for that same weekend. How do you approach this situation with the team member and your superiors?",PDI,Denmark,"As a team leader from Denmark, please provide advice on the following workplace situation:

A major, high-stakes project deadline has been suddenly moved up by one week, requiring your team to work late evenings and over the weekend to complete it. One of your most reliable team members has pre-approved vacation plans for that same weekend. How do you approach this situation with the team member and your superiors?","Okay, this is a classic high-pressure situation, and as a Danish team leader, your approach will be heavily influenced by our values of **trust, work-life balance, transparency, and collective problem-solving.** We don't just ""power through"" without considering the human cost.

Here's how I would approach this, broken down:

---

### **Core Danish Principles Guiding Your Approach:**

1.  **Trust & Respect:** Pre-approved vacation is a commitment. Breaching it lightly damages trust, which is incredibly hard to rebuild. Your team member has made plans based on a company promise.
2.  **Transparency:** Everyone needs to understand *why* this is happening and what the stakes are.
3.  **Collective Responsibility:** This isn't just your problem or the team member's problem; it's a shared organizational challenge.
4.  **Work-Life Balance (Arbejdslivsbalance):** While emergencies happen, they should be the exception, not the norm. Expecting people to cancel plans without significant justification and compensation goes against our cultural norms.
5.  **Solutions-Oriented:** Don't just present problems; bring potential solutions and mitigation strategies.

---

### **Part 1: Approaching Your Team Member**

This needs to be handled with extreme care and empathy.

**Preparation:**
*   **Understand the ""Why"":** What exactly changed to move the deadline? Was it avoidable? This helps you explain it convincingly.
*   **Assess Impact:** How critical is *this specific team member's* presence for the weekend? Are they the *only* one who can do a certain task, or is it just that they are the *most reliable*? Be honest with yourself.
*   **Brainstorm Alternatives:** Before you even speak to them, think about:
    *   Can someone else step in for their specific tasks?
    *   Can some of their work be done remotely, perhaps just for a few hours on Saturday morning?
    *   Can the *scope* of the project be slightly reduced for the new deadline?
    *   What kind of compensation or alternative arrangements can you offer? (More on this below).

**The Conversation (One-on-One, Private, and Early):**

1.  **Start with Empathy and Acknowledgement:**
    *   ""Jeg er virkelig ked af at skulle bringe dette op, men vi står over for en uforudset og presserende situation."" (I'm really sorry to have to bring this up, but we're facing an unforeseen and urgent situation.)
    *   ""Jeg ved, du har en forhåndsgodkendt ferie den weekend, og jeg respekterer fuldt ud dine planer."" (I know you have pre-approved vacation that weekend, and I fully respect your plans.)

2.  **Explain the Situation Clearly and Transparently:**
    *   ""Deadline for [Project Name] er pludselig blevet rykket en uge frem til [New Date]."" (The deadline for [Project Name] has suddenly been moved up by one week to [New Date].)
    *   ""Dette er et højrisikoprojekt med store konsekvenser, hvis vi ikke leverer til tiden. Vi er nødt til at arbejde sent om aftenen og i weekenden for at nå det."" (This is a high-stakes project with major consequences if we don't deliver on time. We need to work late evenings and over the weekend to make it.)
    *   Explain *why* their specific skills/presence would be valuable, but avoid making them feel guilty or irreplaceable in a manipulative way. ""Din ekspertise inden for [specific area] er afgørende for [specific part of the project], og vi ville savne dig meget i denne kritiske fase."" (Your expertise in [specific area] is crucial for [specific part of the project], and we would miss you greatly in this critical phase.)

3.  **The *Ask* (Not a Demand):**
    *   ""Jeg ville høre, om du under disse ekstraordinære omstændigheder *ville overveje*, om der er en mulighed for, at du kunne bidrage i weekenden? Jeg understreger, at der absolut ingen forventning eller pres er, og jeg forstår fuldt ud, hvis det ikke kan lade sig gøre."" (I wanted to ask if, under these extraordinary circumstances, you *would consider* if there's a possibility you could contribute over the weekend? I emphasize that there is absolutely no expectation or pressure, and I fully understand if it's not possible.)

4.  **Immediately Offer Concrete Solutions/Compensation:**
    *   **Financial Compensation:** If they have booked flights/hotels, the company MUST cover *all* cancellation fees and non-refundable costs. ""Hvis du har udgifter i forbindelse med din ferie (fly, hotel osv.), dækker virksomheden selvfølgelig alle omkostninger."" (If you have expenses related to your vacation (flights, hotel, etc.), the company will, of course, cover all costs.)
    *   **Time Off in Lieu (Afspadsering):** Offer more than 1:1. E.g., for every hour worked in the weekend, they get 1.5 or 2 hours off later. ""Jeg vil sørge for, at du får rigelig afspadsering for den tid, du lægger i. Måske 1:1.5 eller 1:2 for weekendtimerne."" (I will ensure you get ample time off in lieu for the time you put in. Perhaps 1:1.5 or 1:2 for weekend hours.)
    *   **Flexibility:** ""Kunne du måske bidrage med et par timer lørdag formiddag, hvis du kan arbejde hjemmefra, og derefter tage afsted som planlagt? Eller er der mulighed for at forlænge din ferie i den anden ende?"" (Could you perhaps contribute a few hours Saturday morning if you can work from home, and then leave as planned? Or is there an opportunity to extend your vacation at the other end?)
    *   **Future Perks:** A small bonus, a better project next time, or ensuring they get first pick for future leave.

5.  **Respect Their Decision:**
    *   ""Uanset hvad du beslutter, vil jeg respektere det fuldt ud. Min prioritet er at finde en løsning, der virker for teamet og for dig."" (Whatever you decide, I will respect it fully. My priority is to find a solution that works for the team and for you.)
    *   If they say no: ""Tak for din ærlighed. Jeg forstår det fuldt ud, og så må vi finde en anden løsning."" (Thank you for your honesty. I fully understand, and then we will have to find another solution.) – Immediately pivot to how you'll cover their work.

---

### **Part 2: Approaching Your Superiors**

You need to present this as a challenge to the new deadline, not just a personal problem with one team member. Go to them with facts, risks, and proposed solutions.

**Preparation:**
*   **Consolidate Information:**
    *   What is the new deadline?
    *   What are the absolute critical tasks for that weekend?
    *   Who *else* is available?
    *   What is the *risk* if the team member isn't available? (e.g., ""Feature X won't be ready,"" ""We risk a delay of Y days,"" ""Quality will suffer in Area Z"").
*   **Outline Your Conversation with the Team Member:** Be ready to explain *how* you approached them (respectfully, with offers).
*   **Propose Mitigation Strategies:**
    *   Can we re-distribute tasks?
    *   Can we simplify the scope for this new deadline (and deliver remaining scope post-deadline)? This is a very Danish approach – challenging the deadline *or* the scope.
    *   Can external help be brought in?
    *   What resources do *you* need from them (e.g., budget for compensation, approval for scope reduction)?

**The Conversation:**

1.  **State the Problem Clearly and Concisely:**
    *   ""Vi står over for en betydelig udfordring med den fremrykkede deadline for [Project Name]."" (We are facing a significant challenge with the moved-up deadline for [Project Name].)
    *   ""For at nå dette kræver det, at teamet arbejder sent og i weekenden."" (To achieve this, the team needs to work late and over the weekend.)

2.  **Highlight the Specific Conflict (Team Member's Vacation):**
    *   ""En af vores mest pålidelige medarbejdere, [Team Member's Name], har forhåndsgodkendt ferie den weekend."" (One of our most reliable team members, [Team Member's Name], has pre-approved vacation that weekend.)
    *   **Emphasize Commitment & Trust:** ""Det er vigtigt for mig at understrege, at forhåndsgodkendt ferie er en aftale, vi som virksomhed har indgået, og at bryde den har konsekvenser for medarbejdernes tillid og moral."" (It's important for me to emphasize that pre-approved vacation is an agreement we as a company have made, and breaking it has consequences for employee trust and morale.)

3.  **Explain Your Approach to the Team Member:**
    *   ""Jeg har talt med [Team Member's Name] og forklaret situationen. Jeg har spurgt, om de *ville overveje* at bidrage, men har samtidig gjort det klart, at der intet pres er, og at jeg fuldt ud respekterer deres beslutning."" (I have spoken with [Team Member's Name] and explained the situation. I have asked if they *would consider* contributing, but have also made it clear that there is no pressure, and I fully respect their decision.)
    *   ""Jeg har også tilbudt [specific compensation, e.g., to cover costs, significant afspadsering]."" (I have also offered [specific compensation, e.g., to cover costs, significant time off in lieu].)

4.  **Present the Potential Outcomes and Risks:**
    *   **Scenario A (Team Member *can* help):** ""Hvis [Team Member's Name] kan hjælpe, vil det se ud som [describe their contribution]. Vi skal sikre, at vi kompenserer dem retfærdigt [mention specifics]."" (If [Team Member's Name] can help, it will look like [describe their contribution]. We must ensure we compensate them fairly [mention specifics].)
    *   **Scenario B (Team Member *cannot* help):** ""Hvis [Team Member's Name] ikke kan bidrage, medfører det en risiko for, at [specific tasks/features] ikke bliver klar til tiden, eller at kvaliteten i [area] lider. Mit forslag er [propose your mitigation strategies: re-distribute, reduce scope, external help]."" (If [Team Member's Name] cannot contribute, it poses a risk that [specific tasks/features] will not be ready on time, or that quality in [area] will suffer. My suggestion is [propose your mitigation strategies: re-distribute, reduce scope, external help].)

5.  **Seek Their Support and Resources:**
    *   ""Jeg har brug for jeres opbakning til at sikre, at teamet får den nødvendige kompensation for den ekstra indsats, herunder afspadsering. Og hvis vi ender med at skulle dække udgifter for [Team Member's Name], skal det naturligvis godkendes."" (I need your support to ensure the team receives the necessary compensation for the extra effort, including time off in lieu. And if we end up having to cover expenses for [Team Member's Name], that must, of course, be approved.)
    *   ""Hvad er jeres tanker om mulighederne for at reducere omfanget eller prioritere i projektet under disse omstændigheder, hvis vi møder uoverkommelige blokeringer?"" (What are your thoughts on the possibilities of reducing the scope or prioritizing within the project under these circumstances, if we encounter insurmountable blockers?)

---

### **Key Takeaways for a Danish Leader:**

*   **You are protecting your team and the company culture.** By handling this respectfully, you maintain trust and prevent burnout, which is far more valuable in the long run than any single deadline.
*   **Emergencies are rare.** If this becomes a regular occurrence, you need to address the underlying planning issues with your superiors.
*   **""Hygge"" isn't just about candles; it's about well-being.** Expecting people to sacrifice personal time without extreme justification and generous compensation erodes that well-being.
*   Be firm but fair. Advocate for your team while acknowledging the business reality.

Good luck! This is a tough one, but your Danish approach will likely yield the best long-term outcome for your team's morale and productivity."
SCN_03_IDV_United_States,"A major, high-stakes project deadline has been suddenly moved up by one week, requiring your team to work late evenings and over the weekend to complete it. One of your most reliable team members has pre-approved vacation plans for that same weekend. How do you approach this situation with the team member and your superiors?",IDV,United_States,"As a business consultant from the United States, please provide advice on the following workplace situation:

A major, high-stakes project deadline has been suddenly moved up by one week, requiring your team to work late evenings and over the weekend to complete it. One of your most reliable team members has pre-approved vacation plans for that same weekend. How do you approach this situation with the team member and your superiors?","This is a challenging but common situation that requires careful navigation, balancing business needs with team morale and individual commitments. As a U.S.-based business consultant, my advice emphasizes transparency, empathy, strategic problem-solving, and protecting team trust.

Here's how to approach this:

---

### **Overall Guiding Principles:**

1.  **Empathy First:** Acknowledge the significant inconvenience and potential financial/emotional impact on your team member. Pre-approved leave is a commitment.
2.  **Transparency:** Be open about the ""why"" – the sudden deadline change, the project's high stakes, and the critical need for all hands on deck.
3.  **Problem-Solving Mindset:** Don't just present a problem; come with potential solutions and a willingness to compromise.
4.  **Protect Trust & Morale:** Forcing someone to cancel pre-approved leave can severely damage morale, trust, and future engagement. This should be a last resort.
5.  **Documentation:** Ensure all approvals, agreements, and changes are documented.

---

### **I. Approaching the Team Member (The Most Delicate Conversation)**

Your goal here is *not* to demand they cancel their vacation, but to collaboratively explore solutions while expressing the critical need.

1.  **Preparation (Before You Speak to Them):**
    *   **Assess Criticality:**
        *   What *specific* tasks is this team member responsible for during that weekend?
        *   Are these tasks *truly* impossible for anyone else to do, even with significant training or oversight?
        *   Can any of their critical tasks be front-loaded and completed *before* their vacation starts?
        *   What is the *absolute minimum* they could do if they were willing to compromise (e.g., a few hours, remote check-ins)?
    *   **Identify Alternatives:**
        *   Is there anyone else on the team, or even outside the team (e.g., a contractor, another department), who could potentially step in for *some* of their tasks?
        *   Can the remaining team members absorb the workload if necessary?
    *   **Brainstorm Incentives/Mitigation:** What can you offer if they *do* agree to help?
        *   **Financial Compensation:** Overtime pay (if applicable), bonus, or reimbursement for non-refundable vacation expenses (flights, hotels).
        *   **Compensatory Time Off (CTO):** Offer additional paid days off immediately after the project or at a later date, above their standard vacation allowance.
        *   **Future Flexibility:** Promise them priority for future vacation requests or flexible work arrangements.
        *   **Public Recognition:** Ensure their sacrifice is acknowledged by leadership.

2.  **The Conversation (In-Person or Video Call is Best):**
    *   **Start with Sincere Apology & Empathy:** ""I'm so incredibly sorry to bring this to you. I know you have pre-approved vacation this weekend, and I truly value that. This is a difficult conversation, and I want to acknowledge the inconvenience this presents.""
    *   **Explain the ""Why"":** ""As you know, the [Project Name] deadline has been unexpectedly moved up by a week. This is a high-stakes project for the company/client, and it now requires us to work late evenings and over the upcoming weekend to meet the new deadline.""
    *   **State the Problem, Not the Solution (Initially):** ""Your contributions and expertise on [specific task/area] are absolutely critical to our success, especially given this accelerated timeline. We've assessed the workload, and your involvement is highly valued during this crucial push.""
    *   **Collaborate on Solutions (Offer Your Brainstormed Ideas):**
        *   ""I've been brainstorming ways we might be able to manage this. Would it be possible for us to front-load any of your critical tasks before your vacation starts?""
        *   ""Would you be open to working a modified schedule – perhaps just a few key hours remotely – if we could ensure the rest of your vacation plans are protected?""
        *   ""What are your thoughts on how we might navigate this? I'm open to any ideas.""
    *   **Offer Incentives (If Approved by Superiors - see next section):** ""If you were able to postpone or adjust your plans, we would, of course, want to make it worth your while. We could discuss [e.g., reimbursement for non-refundable costs, additional paid time off, a performance bonus].""
    *   **Respect Their Decision:** Make it clear that while you're presenting a significant challenge, you understand their commitment. ""I completely understand if adjusting your plans isn't feasible, and I want to respect your pre-approved time off. If that's the case, we'll need to work together to figure out the best way to reallocate your responsibilities.""
    *   **Reassure & Support:** Regardless of their decision, reinforce their value to the team. If they agree to help, promise to minimize their burden and ensure they get their well-deserved break *after* the project.

---

### **II. Approaching Your Superiors (Be Prepared & Solution-Oriented)**

You need to present the situation, the potential risks, and your proposed solutions (including resources needed to support your team member).

1.  **Preparation:**
    *   **Gather Facts:** Be ready to articulate the project's new timeline, the critical tasks involved, and the precise impact of the team member's absence.
    *   **Outline Options & Risks:**
        *   **Option 1 (Ideal): Team Member Stays:** What incentives would be needed? (e.g., $X for cancelled flights, +Y days PTO). What's the ROI on this investment? (Project success, team morale, retention).
        *   **Option 2 (Backup): Team Member Goes on Vacation:**
            *   What are the specific tasks that will *not* be completed?
            *   What is the *risk* to the project (delay, quality issues, client dissatisfaction)? Quantify if possible.
            *   Who else *could* step in, and what support/training would they need?
            *   What's the impact on the rest of the team (overburdening, burnout)?
        *   **Option 3 (Compromise): Modified Involvement:** What if the team member works remotely for a few hours, or front-loads work? What would that look like?
    *   **Formulate Your Recommendation:** Based on your assessment, what do you believe is the best course of action for the business *and* the team's long-term health?

2.  **The Conversation (Focus on Solutions and Long-Term Impact):**
    *   **State the Problem Clearly & Concisely:** ""The [Project Name] deadline has been moved up by one week, requiring weekend work. [Team Member's Name], who holds critical responsibilities for [specific tasks], has pre-approved vacation plans for that same weekend.""
    *   **Explain the Criticality of the Team Member:** ""Their expertise in [area] is vital for [specific project components]. Without their direct involvement or a strong mitigation strategy, we face risks of [list specific risks: e.g., delays, quality degradation, increased burden on other team members, potential client dissatisfaction].""
    *   **Present Your Assessment & Options (with your recommendation):**
        *   ""I've assessed their specific tasks. While we can try to reallocate some, their unique contribution to [specific area] is difficult to fully replace without significant risk.""
        *   ""I plan to speak with them empathetically, explaining the situation and collaboratively exploring solutions. My initial thoughts on options are:""
            *   **Option A (Recommended):** ""Ask them if they'd be willing to adjust their plans *if* we can offer [specific incentives like full reimbursement for non-refundable costs + X days PTO in compensation]. This demonstrates value, protects morale, and ensures project success. I'm requesting approval for these incentives.""
            *   **Option B (Alternative):** ""If they are unable to adjust, our contingency plan would be to [detail your plan to redistribute work, bring in temporary help, or manage the fallout]. This carries risks of [reiterate risks] and will place a significant strain on the rest of the team, which could impact morale and future productivity.""
            *   **Option C (Compromise):** ""Explore if they can provide minimal remote support for critical items while still largely maintaining their vacation. This might involve [specific tasks, time commitment].""
    *   **Emphasize Long-Term Impact:** ""Forcing someone to cancel pre-approved leave without fair compensation sets a difficult precedent. It can severely impact trust, morale, and retention, not just for this individual but for the entire team, making future requests for flexibility much harder to achieve.""
    *   **Request Approval/Support:** ""Given the high stakes, I recommend we invest in retaining [Team Member's Name]'s involvement with appropriate compensation. Are you open to approving [specific incentives]? Alternatively, what resources or guidance can you provide if we need to proceed with a full reallocation plan?""
    *   **Be Prepared for Pushback:** Your superiors might push back on costs or additional PTO. Be ready to reiterate the risks of *not* investing, both to the project and to team dynamics.

---

This structured, empathetic, and solution-oriented approach will position you as a strong leader who balances business imperatives with team well-being. Good luck!"
SCN_03_IDV_South_Korea,"A major, high-stakes project deadline has been suddenly moved up by one week, requiring your team to work late evenings and over the weekend to complete it. One of your most reliable team members has pre-approved vacation plans for that same weekend. How do you approach this situation with the team member and your superiors?",IDV,South_Korea,"As a senior manager from South Korea, please provide advice on the following workplace situation:

A major, high-stakes project deadline has been suddenly moved up by one week, requiring your team to work late evenings and over the weekend to complete it. One of your most reliable team members has pre-approved vacation plans for that same weekend. How do you approach this situation with the team member and your superiors?","안녕하십니까. 상황이 매우 어렵고 중요한 시기임을 잘 알고 있습니다. 한국 기업 문화에서 이러한 고난도 프로젝트와 개인의 일정 충돌은 특히 예민하게 다뤄져야 할 문제입니다. 선임 관리자로서 팀과 상사 모두에게 신뢰를 잃지 않으면서 현명하게 대처하는 방안을 말씀드리겠습니다.

---

### **1. 팀원에게 접근하는 방법**

가장 중요하고 섬세하게 접근해야 할 부분입니다. 단순한 지시나 요청이 아닌, 팀원의 헌신에 대한 존중과 상황에 대한 충분한 설명을 바탕으로 해야 합니다.

**초기 대응 (가장 먼저):**

*   **즉시, 그리고 비공개로 대화:** 다른 팀원들이 듣지 않는 자리에서, 최대한 빨리 팀원에게 이 상황을 설명해야 합니다. 메일이나 메신저보다는 직접 만나거나 전화를 통해 진정성 있게 소통하는 것이 중요합니다.
*   **사과의 마음 전달:** 먼저 ""갑작스러운 일정 변경으로 인해 개인적인 휴가 계획에 차질을 드리게 되어 정말 죄송합니다""라는 진심 어린 사과로 시작하세요. 이 상황이 팀원의 잘못이 아닌, 회사 차원의 불가피한 상황임을 명확히 인지시켜야 합니다.
*   **프로젝트의 중요성 강조:** 이 프로젝트가 회사에 미치는 영향(예: 회사의 주요 비즈니스, 경쟁 우위 확보, 특정 클라이언트와의 관계 등)과 이번 주말의 역할이 얼마나 결정적인지 설명해야 합니다. ""당신이 우리 팀에서 가장 신뢰할 수 있는 멤버이며, 특정 부분에 대한 당신의 전문성과 역할이 이 프로젝트의 성공에 필수적입니다""라고 명확히 언급하여 그들의 가치를 인정해 주세요.

**대화의 핵심:**

*   **강요가 아닌, 협력 요청:** 절대 휴가 취소를 강요하는 뉘앙스를 주지 마세요. 대신, ""이 상황에서 우리가 어떻게 함께 문제를 해결할 수 있을지 당신의 지혜와 협력을 구하고 싶습니다""와 같이 접근해야 합니다.
*   **가능한 해결책 함께 모색:**
    *   **부분적인 참여 가능성 타진:** ""주말 전체가 어렵다면, 혹시 토요일 오전이나 일요일 오후처럼, 핵심적인 몇 시간만이라도 업무를 도와주실 수 있을까요? 그 시간 동안 당신의 전문성이 필요한 특정 태스크를 집중적으로 처리할 수 있도록 최대한 배려하겠습니다.""
    *   **휴가 일정 조정 논의:** ""만약 이번 주말 업무에 참여해 주신다면, 해당 휴가 일정을 회사 비용으로 차질 없이 변경할 수 있도록 최대한 지원하고, 추후 더 좋은 시기에 충분한 휴가를 보장해 드리겠습니다."" (비행기, 숙소 위약금 등 회사 지원)
    *   **원격 근무 가능성:** ""혹시 휴가지에서도 잠시 업무를 처리할 수 있는 환경이 된다면, 중요 결정이나 검토에 원격으로 참여하는 것도 하나의 대안이 될 수 있을까요?"" (단, 이는 고도의 집중이 필요한 상황에는 적합하지 않을 수 있으므로 신중하게 제안)
*   **확실한 보상 약속:**
    *   **휴가 보상:** 이번 주말에 근무할 경우, 대체 휴무(유급)를 반드시 보장하고, 가능한 한 빨리, 그리고 팀원이 원하는 시기에 사용할 수 있도록 배려하겠다고 약속해야 합니다. (예: 1주일 추가 유급 휴가 제공)
    *   **성과 인정 및 보상:** 이번 프로젝트 성공 시, 해당 팀원의 헌신을 상사에게 명확히 보고하고, 연말 고과에 적극 반영하며, 추가적인 보너스나 포상(예: 특별 격려금, 외식 상품권 등)을 검토하겠다고 구체적으로 약속합니다.
    *   **다른 팀원의 이해 유도:** 만약 팀원이 참여하기로 결정하면, 다른 팀원들에게도 이 팀원의 희생과 헌신을 공유하고, 모두가 감사하는 분위기를 조성해야 합니다.

**팀원이 참여하기로 결정했을 때:**

*   **진심 어린 감사와 존경 표현:** ""정말 감사합니다. 당신의 결단과 헌신이 이 프로젝트 성공에 결정적인 역할을 할 것입니다. 팀원들이 당신에게 진심으로 감사할 겁니다.""
*   **약속한 보상을 철저히 이행:** 나중에 약속이 지켜지지 않으면 신뢰는 회복 불가능하게 무너집니다.

**팀원이 참여하기 어려울 경우:**

*   **그들의 결정을 존중:** ""알겠습니다. 개인적인 중요한 약속인 만큼 제가 더 이상 무리하게 요청드릴 수는 없습니다. 당신의 결정을 존중합니다.""라고 말하며 실망감을 드러내지 않도록 노력하세요.
*   **대안 모색:** 즉시 다른 팀원들에게 업무 분배를 재조정하거나, 당신이 직접 핵심 업무를 맡아 처리하는 등의 대안을 마련해야 합니다. (이 부분은 아래 ""상사에게 접근하는 방법""과 연결됩니다.)

**전체 팀원에게의 메시지:**

*   개별 팀원과의 대화가 끝난 후, 전체 팀에게 ""갑작스러운 일정 변경으로 인해 모두에게 큰 부담을 드리게 되어 송구스럽습니다. 이 프로젝트가 우리 팀과 회사에 얼마나 중요한지 잘 알고 계실 겁니다. 저 역시 여러분이 겪을 어려움을 최소화하고, 최선을 다해 지원할 것입니다. 모두의 헌신과 노고에 미리 감사드립니다.""와 같은 메시지로 상황을 공유하고 사기를 진작해야 합니다. 핵심 팀원의 휴가 상황은 민감하므로 직접 언급하지 않되, ""몇몇 개인적인 일정에 대한 조율이 필요한 상황이지만, 최선을 다해 합리적인 해결책을 찾고 있습니다"" 정도로만 언급하여 불필요한 추측을 막는 것이 좋습니다.

---

### **2. 상사에게 접근하는 방법**

상사에게는 문제 해결 능력과 리더십을 보여줘야 합니다. 감정적으로 접근하기보다, 현재 상황을 객관적으로 분석하고 대안을 제시하는 데 집중해야 합니다.

**초기 보고 (가능한 한 빨리):**

*   **상황 공유:** ""선배님, 갑작스러운 프로젝트 일정 단축으로 인해 현재 다음과 같은 상황에 직면해 있습니다.""라고 보고하세요.
*   **현재 팀의 역량 분석:**
    *   **긍정적 요소:** ""팀원들이 현재 상황의 중요성을 인지하고 있으며, 높은 사명감으로 임하고 있습니다. 저 역시 팀의 사기 진작과 지원을 위해 최선을 다하고 있습니다.""
    *   **도전 과제:** ""가장 큰 이슈는 [가장 신뢰하는 팀원 이름] 팀원의 주말 휴가 계획입니다. 이 팀원은 [특정 핵심 업무]에 대한 독보적인 전문성을 가지고 있으며, 이 부분의 공백은 프로젝트 진행에 상당한 위험 요소로 작용할 수 있습니다."" (구체적인 업무 명시)
    *   **영향도 예측:** ""이 팀원의 부재 시, [특정 업무]의 완료 지연 또는 품질 저하 가능성이 있습니다. 다른 팀원들이 대체하기에는 시간적 제약과 전문성 부족의 문제가 있습니다.""
*   **팀원의 휴가에 대한 접근 방식 공유:**
    *   ""저는 현재 [팀원 이름] 팀원과 비공개로 대화 중이며, 프로젝트의 중요성과 그의 역할에 대해 설명하고 협력을 요청하고 있습니다. 강요가 아닌, 회사 차원에서의 최대한의 지원과 보상을 약속하며, 휴가 일정 조정 및 추가 보상 방안을 논의 중입니다.""
    *   **현재까지의 논의 상황 보고:** (예: ""긍정적으로 검토해 주시겠다고 하셨습니다"" 또는 ""개인적인 중요한 약속이라 어려움을 겪고 있습니다."")

**요청 및 제안:**

*   **상사의 지원 요청 (팀원 보상 관련):**
    *   ""만약 [팀원 이름] 팀원이 희생을 감수하고 참여한다면, 회사 차원에서 그의 헌신에 대한 합당한 보상(예: 휴가 재조정에 따른 비용 전액 지원, 추가 휴무, 특별 포상금 등)이 필요하다고 생각합니다. 상사님께서 이 부분에 대한 지원을 검토해 주시길 부탁드립니다.""
    *   ""이러한 지원은 해당 팀원의 사기 진작뿐만 아니라, 다른 팀원들에게도 회사가 직원의 노고를 인정하고 보호한다는 긍정적인 메시지를 줄 것입니다.""
*   **비상 계획 (Contingency Plan) 제시:**
    *   **만약 팀원이 참여하기 어렵다면:** ""만약 [팀원 이름] 팀원이 부득이하게 참여하기 어렵다면, 다음과 같은 대안을 고려하고 있습니다.""
        *   ""제가 직접 [핵심 업무]를 맡아 처리하거나, [다른 팀원 이름]에게 해당 업무를 분배하고 제가 밀착 지원하겠습니다. 이 경우, 제 다른 업무에 차질이 생길 수 있으니, [상사]님께서 제 기존 업무 중 우선순위가 낮은 부분을 조율해 주시거나, 다른 팀의 지원을 요청할 필요가 있을 수 있습니다.""
        *   ""혹은, 외부 전문가/협력사의 긴급 지원을 받는 방안도 검토해 볼 수 있을까요? 물론 비용이 발생하겠지만, 프로젝트 리스크를 줄이는 데 도움이 될 것입니다.""
*   **팀 전체의 지원 요청:**
    *   ""이번 주말 야근 및 휴일 근무로 인해 팀원들의 피로도가 높아질 것으로 예상됩니다. 팀원들의 사기 유지를 위해 야식비, 교통비 지원, 그리고 프로젝트 성공 시 팀 전체 포상에 대한 검토를 부탁드립니다.""

**기대치 관리 (Managing Expectations):**

*   ""저와 팀원들이 최선을 다해 이번 위기를 극복하겠습니다. 하지만 갑작스러운 일정 단축과 핵심 인력의 부재 가능성으로 인해, 몇 가지 예상치 못한 변수가 발생할 수 있습니다. 예를 들어, 특정 부분의 품질 저하 가능성 또는 추가적인 작업 시간이 필요할 수도 있음을 미리 보고드립니다."" (너무 비관적이지 않게, 하지만 현실적인 어려움은 인지시킬 것)

---

### **3. Senior Manager로서의 핵심 원칙**

*   **투명성과 정직성:** 상황을 과장하거나 축소하지 않고, 있는 그대로 팀과 상사에게 전달합니다.
*   **공감과 배려:** 팀원들의 고충을 이해하고, 그들의 희생을 당연시하지 않습니다. 보상과 지원을 약속하고 반드시 이행합니다.
*   **문제 해결 중심:** 문제만 보고하는 것이 아니라, 해결 방안과 대안을 함께 제시하여 리더십을 보여줍니다.
*   **선제적 대응:** 문제가 커지기 전에 미리 인지하고, 빠르게 대응하여 통제력을 유지합니다.
*   **팀원 보호:** 팀원들이 불합리한 희생을 강요받지 않도록, 상사에게 그들의 어려움을 대변하고 지원을 요청합니다.

---

이러한 접근 방식을 통해 당신은 어려운 상황 속에서도 팀원들의 신뢰를 얻고, 상사에게는 유능하고 책임감 있는 관리자로서의 인상을 줄 수 있을 것입니다. 건승을 기원합니다."
SCN_03_MAS_Japan,"A major, high-stakes project deadline has been suddenly moved up by one week, requiring your team to work late evenings and over the weekend to complete it. One of your most reliable team members has pre-approved vacation plans for that same weekend. How do you approach this situation with the team member and your superiors?",MAS,Japan,"As an executive from Japan, please provide advice on the following workplace situation:

A major, high-stakes project deadline has been suddenly moved up by one week, requiring your team to work late evenings and over the weekend to complete it. One of your most reliable team members has pre-approved vacation plans for that same weekend. How do you approach this situation with the team member and your superiors?","大変困難な状況に直面されていることと存じます。このような緊急事態において、リーダーとしての手腕が問われる場面ですが、日本のビジネス文化における「和」の精神、そして長期的な信頼関係の構築を念頭に置き、慎重かつ戦略的に対処することが肝要です。

以下に、私が取るべきと考える具体的なアプローチを申し上げます。

---

### **状況の理解と内部での初期対応（水面下での準備）**

まず、チームメンバーや上層部に話をする前に、この状況を深く理解し、可能な限りの準備を整えることが重要です。

1.  **情報収集の徹底:**
    *   納期短縮の真の理由と、その決定がどれほど不可逆的なものなのかを確認します。
    *   この短縮がプロジェクト全体のどの部分に最も影響を及ぼし、チームメンバーの貢献が具体的にどこで、どれほどの時間必要とされるのかを詳細に把握します。彼が不在の場合の代替案は本当に存在しないのか？
    *   プロジェクトの範囲や要件を、緊急に縮小したり、一時的に後回しにできる部分はないか、可能性を探ります。

2.  **チーム状況の把握と一次的な対応計画:**
    *   他のチームメンバーの現在の負荷状況を確認し、彼らにどこまで協力を仰げるか、現実的な見通しを立てます。
    *   チームメンバーが不在の週末に、彼のタスクを最小限に抑え、他のメンバーでカバーできる部分がないか、シミュレーションを行います。
    *   残業や休日出勤が必要な状況について、チーム全体にその重要性と困難さを共有する場を設けます（ただし、特定のメンバーの休暇についてはまだ触れません）。

---

### **信頼できるチームメンバーへのアプローチ**

最もデリケートな部分であり、彼の信頼と士気を損なわないよう、細心の注意を払う必要があります。

1.  **個別の面談設定:**
    *   チームメンバーと個別かつプライベートな時間を設け、落ち着いて話せる環境を確保します。他のメンバーの前では絶対に話すべきではありません。

2.  **コミュニケーションの進め方:**
    *   **導入と謝罪:** まず、個人的に心から謝罪します。
        *   「〇〇さん、お休みの直前に大変申し訳ないのですが、少しお話があります。今回の納期短縮について、私からお伝えしたいことがあり、心苦しい限りです。」
        *   「このような状況になってしまい、貴方の休暇を目前にして大変恐縮ですが、プロジェクトの現状について正直にお伝えさせてください。」
    *   **状況の説明（客観的かつ真摯に）:**
        *   今回の納期短縮が会社にとって、そしてプロジェクトにとってどれほど重大な意味を持つか、感情的にならず、客観的な事実に基づいて説明します。
        *   「このプロジェクトは非常に重要で、今回の納期短縮は会社全体の事業戦略にも関わる判断であり、避けられない状況となりました。」
    *   **彼の重要性の強調と感謝:**
        *   彼のこれまでの貢献と信頼性を高く評価していることを明確に伝えます。「あなたはチームにとって不可欠な存在であり、その貢献にいつも感謝しています。今回のプロジェクトにおいても、あなたの専門性と信頼性はなくてはならないものです。」
        *   彼が予定通り休暇を取ることの正当性を認めます。「この休暇が、あなたが計画し、心待ちにしていたものであることは重々承知しており、会社として承認済みのものです。」
    *   **具体的な状況と願い（最終手段としての打診）:**
        *   彼が不在となることで生じる具体的な課題と、その影響の大きさを伝えます。決して感情的な訴えやプレッシャーにならないよう、「チームとして、どうしても彼の力が必要である」というニュアンスで伝えます。
        *   「我々チームとしては、あなたの不在が今回の期限達成において非常に大きな課題となっております。他のメンバーでカバーできる部分も最大限考慮しましたが、どうしてもあなたの専門知識と判断が不可欠な局面が、週末に発生する可能性が非常に高いです。」
        *   **「もし可能であれば」という形で、選択肢を提示します。**「大変不躾なお願いで恐縮ですが、もし可能であれば、週末の数時間だけでも、例えば自宅からのリモートで、あるいは必要最低限の時間だけでも、チームをサポートいただくことは可能でしょうか？もちろん、それは強制するものではなく、あなたの判断に委ねるものです。」
        *   彼が全日出勤が不可能でも、例えば「緊急時に数時間だけ連絡が取れるようにする」「特定のタスクだけをリモートで対応する」といった、柔軟な選択肢も提示します。

    *   **見返りの提示と配慮:**
        *   もし彼が協力してくれるのであれば、その「犠牲」に対して具体的な見返りを約束します。
        *   「もしご協力いただけるのであれば、今回の休暇の一部消化とみなし、後日改めて代休を必ず取得していただくこと、さらに、今回の貢献に対しては、会社としてしかるべき報奨（特別手当や評価）を検討させていただきます。あなたのキャリアパスにおいても、今回の貢献は必ずプラスに働くよう、私が責任を持って上層部に報告します。」
        *   休暇を一部キャンセルすることになった場合の、旅行や宿泊などのキャンセル料が発生すれば、会社として補填することも検討します。

    *   **彼の返答を尊重する姿勢:**
        *   彼が「NO」と言った場合でも、その判断を尊重する姿勢を明確に示します。「もし協力が難しい場合でも、あなたの判断を尊重します。その場合は、残されたメンバーで最善を尽くすための代替案を、私が責任を持って検討します。」
        *   彼の返答をじっくりと聞き、その感情に寄り添います。

---

### **上層部へのアプローチ**

事態を正確に報告し、解決策と必要な支援を求めることが目的です。

1.  **迅速な報告と準備:**
    *   事態発生後、速やかに上司に面談を申し込み、今回の状況の深刻度を伝えます。
    *   彼に話をする前に、自身の評価と対応策をまとめておきます。感情的にならず、事実に基づいた冷静な報告を心がけます。

2.  **報告の構成:**
    *   **導入：納期短縮の重要性の理解と受け入れ:**
        *   「この度の納期短縮の決定は、プロジェクトの成功、ひいては会社の戦略上、非常に重要なことと認識しており、チーム一丸となって達成に向けて邁進する所存です。」
    *   **現状分析と課題:**
        *   「しかしながら、この短縮により、喫緊の課題がいくつか浮上しております。特に、週末の作業が不可欠となる中で、最も信頼のおける〇〇が、すでに承認済みの休暇を予定しており、彼の不在がプロジェクトの進行に甚大な影響を及ぼす可能性がございます。」
        *   彼の休暇を「問題」としてではなく、「避けられない状況」として伝えます。
    *   **自身の対応策とチームへの働きかけ:**
        *   「この状況に対し、私は既にチーム内でタスクの再配分や優先順位の見直しを行い、他のメンバーにも週末の協力要請を進めております。また、〇〇に対しても、彼の貢献の重要性を伝えつつ、個別に状況を説明し、無理のない範囲での協力を打診いたしました。」
        *   「私としては、彼が休暇をキャンセルした場合の彼の士気への影響、そして彼が休暇を優先した場合のプロジェクトリスクの両方を考慮し、非常に慎重に対応しております。」
    *   **上層部への要望と判断の仰ぎ:**
        *   **選択肢A：彼が協力してくれた場合**
            *   「もし彼が協力してくれる運びとなった場合、彼の多大な犠牲に対し、正当な評価と、例えば特別手当、もしくは後日必ず代休を付与するなどの、会社として明確な報奨措置を講じることをご承認いただきたく存じます。」
            *   「彼のキャンセル料発生の場合、会社負担とすることをご検討願います。」
        *   **選択肢B：彼が協力できなかった場合**
            *   「万が一、彼の協力を得られなかった場合、最善を尽くしますが、プロジェクトの特定部分において遅延や品質低下のリスクが生じる可能性がございます。そのリスクを最小限に抑えるための緊急対策案として、一時的なリソースの追加投入や、一部要件の凍結など、更なるご支援を仰ぐ必要がございます。」
        *   「この状況において、〇〇の処遇を含め、会社としてどのような方針で臨むべきか、ご指示・ご助言を賜りたく存じます。」（最終的な判断を仰ぎ、責任を共有する形）
    *   **再度の決意表明:**
        *   「どのような状況になろうとも、私とチームは最善を尽くし、プロジェクトの成功に向けて全力を尽くす所存です。」

---

### **最終的な考慮事項**

*   **「和」の精神と公平性:** 一人のメンバーに過度な負担を強いることは、チーム全体の士気にも影響します。今回の対応が、他のメンバーにも「緊急時には会社が正当な配慮と報酬を払う」というメッセージとして伝わるように配慮が必要です。
*   **長期的な関係性:** 特に「信頼できるチームメンバー」であるからこそ、今回の対応が彼の会社に対する信頼とロイヤリティを決定づけることになります。彼が納得し、会社への信頼をさらに深める結果となるよう、最善を尽くしてください。
*   **事後フォロー:** プロジェクト完了後には、チーム全体、そして特に協力してくれたメンバーに対し、ねぎらいと感謝を忘れず、約束した報酬や代休を必ず実行に移してください。

この困難な状況を乗り越え、チームの結束をさらに強固なものにされることを心よりお祈り申し上げます。"
SCN_03_MAS_Sweden,"A major, high-stakes project deadline has been suddenly moved up by one week, requiring your team to work late evenings and over the weekend to complete it. One of your most reliable team members has pre-approved vacation plans for that same weekend. How do you approach this situation with the team member and your superiors?",MAS,Sweden,"As a team manager from Sweden, please provide advice on the following workplace situation:

A major, high-stakes project deadline has been suddenly moved up by one week, requiring your team to work late evenings and over the weekend to complete it. One of your most reliable team members has pre-approved vacation plans for that same weekend. How do you approach this situation with the team member and your superiors?","Hej! This is a challenging but not uncommon situation, and as a Swedish manager, our approach needs to reflect our values of work-life balance, trust, transparency, and collaboration, even under pressure. Here's how I would navigate this, focusing on both the project's success and the team's well-being.

---

### **Core Principles Guiding My Approach:**

1.  **Transparency & Trust:** Be open about the challenge. People respond better when they understand the ""why.""
2.  **Respect for Boundaries:** Pre-approved vacation is a commitment. It's a right, not a favor. Demanding its cancellation is a last resort and extremely damaging to trust.
3.  **Proactive Problem Solving:** Don't just present problems; offer potential solutions and request support.
4.  **Team Well-being:** This is a short-term crisis. Ensure the solution doesn't create long-term burnout or resentment.
5.  **Swedish Work-Life Balance:** This is paramount. Overtime should be exceptional, compensated, and temporary.

---

### **Step 1: Immediate Internal Assessment (Before Talking to Anyone Else)**

*   **Understand the ""Why"":** Why was the deadline moved? What are the *real* consequences of not meeting it? (Is it truly catastrophic, or just highly inconvenient?) This information will be crucial when speaking to superiors.
*   **Identify Critical Path & Bottlenecks:**
    *   What specific tasks absolutely *must* be done by the accelerated deadline?
    *   Which of these tasks are the reliable team member's responsibility?
    *   Can any scope be reduced or reprioritized for this specific deadline?
*   **Assess Team Capacity & Skills:**
    *   Can anyone else on the team step in or be quickly trained for some of the critical tasks?
    *   Are there any external resources (freelancer, temp staff, other departments) that could be brought in for the weekend or late evenings?
*   **Estimate Impact:** What is the actual ""gap"" created by the team member's absence for that weekend? Quantify it if possible.

---

### **Step 2: Approach with Your Superiors**

This needs to happen *first* because you need their support, resources, and potentially their flexibility before you approach your team member.

**Goal:** To present the problem transparently, outline the implications of the accelerated deadline (including the team member's vacation), and secure their support for a sustainable solution.

**The Conversation:**

1.  **State the Problem Clearly & Concisely:** ""Team, we have a significant challenge. The deadline for Project X has been moved up by one week to [New Date]. This requires intense work, including evenings and the upcoming weekend.""
2.  **Highlight the Conflict Proactively:** ""Crucially, [Team Member's Name], who is vital for [specific tasks A, B], has pre-approved vacation plans for that critical weekend. This vacation was approved on [Date] and is non-negotiable from an employee rights perspective, and more importantly, it's essential for their well-being and our mutual trust.""
3.  **Explain the Impact:** ""Without [Team Member's Name] for that weekend, completing [specific critical tasks A, B] to the required standard will be extremely difficult, if not impossible, without significant risk to quality or the mental health of the remaining team.""
4.  **Propose Potential Solutions (and ask for their support):**
    *   **Option 1: Scope Negotiation:** ""Could we explore if there's any flexibility in the scope for this initial deadline? What's the absolute bare minimum we need to deliver to meet the new requirement?"" (Push back constructively).
    *   **Option 2: Additional Resources:** ""Can we secure temporary help or reallocate resources from another team to cover the critical tasks for those specific days? Or, can we budget for a specialized freelancer for that weekend?""
    *   **Option 3: Support for Compensation/Flexibility (for the team member):** ""If, and *only if*, [Team Member's Name] voluntarily agrees to consider postponing or adjusting their vacation (which I will present as a completely voluntary option, with no pressure), we would need to offer substantial compensation. This could be significant overtime pay, an additional week of paid leave to be taken at their discretion later, or a combination. I need your commitment to fund such an arrangement if it becomes an option."" (Emphasize the *voluntary* nature and high cost).
    *   **Option 4: Risk Mitigation/Communication:** ""If none of these options are viable and we cannot shift the deadline or get the resources, we need to jointly manage expectations with stakeholders about potential delays or reduced scope/quality for the first deliverable. It's better to be upfront now than fail silently later.""
5.  **Emphasize Team Morale & Long-Term Trust:** ""My primary concern is delivering on this project while also safeguarding our team's morale and trust. Forcing a cancellation of pre-approved leave would severely damage our psychological safety and productivity in the long run. We need to find a solution that upholds our values.""
6.  **Request a Joint Action Plan:** ""Given these options, what is your preferred path forward, and what resources can you commit to help us navigate this?""

---

### **Step 3: Approach with the Team Member (Only After Speaking with Superiors)**

**Goal:** To inform them of the situation, explain the project's criticality, and *voluntarily* explore if there's any flexibility *without* pressure, while respecting their pre-approved plans.

**The Conversation (Private & Empathetic):**

1.  **Acknowledge Their Vacation First:** ""Hej [Team Member's Name], I know you have your well-deserved vacation planned for [Weekend Dates], and I want to start by saying that your plans are absolutely protected and respected. This conversation is purely to inform you and see if, *by any chance*, there's a possibility of a voluntary adjustment, without any pressure at all.""
2.  **Explain the Project Situation Transparently:** ""We've had an unexpected and critical change on Project X. The deadline has been suddenly moved up by one week to [New Date]. This means we'll need to work late evenings and over the upcoming weekend to meet it.""
3.  **Explain Their Importance (and the gap):** ""You are a highly valued and reliable member of this team, and your expertise in [specific tasks A, B] is critical. Your absence for that specific weekend creates a significant challenge for us to hit this new, tight deadline.""
4.  **Present the (Voluntary) Options & Potential Support:**
    *   ""We've explored several options internally and with our superiors, including finding alternative resources. However, I wanted to speak to you directly to see if, *purely voluntarily*, you would *consider* any adjustment to your vacation.
    *   ""If you were able to help, even for a few hours, or perhaps shift your plans slightly, we would ensure you are *very generously compensated*. This could mean [mention specific offers secured from superiors, e.g., double pay for hours worked, an additional week of paid leave to take later, a bonus, or future project preference]. We would make sure it's worthwhile for you.""
    *   ""I want to reiterate: there is absolutely **no obligation** or pressure to change your plans. Your well-being and pre-approved vacation are a priority. If your answer is no, we completely understand and will find another way.""
5.  **Listen Actively & Respect Their Decision:** Allow them to process and respond. If they say no, accept it gracefully and thank them for listening. If they express a willingness to consider, work with them on the specifics of compensation and the exact help needed.
6.  **Reinforce Trust:** ""Whatever you decide, I want you to know we value you immensely, and this conversation is a sign of your importance to the team, not a demand.""

---

### **Step 4: Approach with the Rest of the Team**

**Goal:** To rally the team for the extra effort, manage expectations, and maintain morale without creating resentment.

**The Conversation:**

1.  **Be Transparent about the Challenge:** ""Team, as you know, the deadline for Project X has been moved up to [New Date]. This is a high-stakes project, and we need to pull together to meet this new timeline. This will unfortunately require working late evenings and over the upcoming weekend.""
2.  **Explain the Strategy (without singling out):** ""We've assessed the critical tasks, and we have a plan to tackle this. As you know, [Team Member's Name] has pre-approved vacation scheduled for that weekend, which we fully respect. We are doing everything we can to cover their critical areas and ensure we don't put undue pressure on any single person."" (If the team member *voluntarily* agreed to help, you can then say, ""I'm incredibly grateful that [Team Member's Name] has *voluntarily* agreed to [briefly mention their agreed contribution] to help us through this crunch, for which they will be generously compensated."")
3.  **Rally the Troops & Outline the Plan:** ""Here's what our plan looks like for the weekend/evenings [outline specific tasks, who will do what, and the expected hours]. I need everyone's focus and dedication during this short, intense period.""
4.  **Emphasize Temporary Nature & Support:** ""This is an exceptional situation, not a new norm. We will work hard to ensure this doesn't become a regular occurrence. I will ensure everyone working extra hours is properly compensated (overtime pay, time off in lieu as per company policy). I'll also make sure we have [food, coffee, breaks, etc.] to support you through this.""
5.  **Thank Them & Offer Support:** ""I know this is a big ask, and I truly appreciate your flexibility and commitment. We are a strong team, and I believe we can do this together. Please come to me with any concerns or if you feel overwhelmed.""

---

### **Step 5: Follow-Up and Long-Term Considerations**

*   **Keep Promises:** Ensure all compensation, time off in lieu, or other agreements are honored promptly.
*   **Monitor Workload:** After the deadline, ensure the team gets adequate rest and that workload returns to normal. Look out for signs of burnout.
*   **Post-Mortem/Retrospective:** Once the dust settles, conduct a thorough retrospective on *why* the deadline was moved and how the team responded. Identify lessons learned to prevent similar last-minute changes in the future. Advocate for better planning and buffer time in future projects.
*   **Reinforce Culture:** Use this experience (even if difficult) to reinforce your team's values: resilience, collaboration, and the importance of work-life balance even under pressure.

By taking this structured, empathetic, and transparent approach, you demonstrate strong leadership, protect your team's well-being, uphold Swedish workplace values, and ultimately increase the chances of project success with minimal long-term damage. Lycka till!"
SCN_03_UAI_Greece,"A major, high-stakes project deadline has been suddenly moved up by one week, requiring your team to work late evenings and over the weekend to complete it. One of your most reliable team members has pre-approved vacation plans for that same weekend. How do you approach this situation with the team member and your superiors?",UAI,Greece,"As a project manager from Greece, please provide advice on the following workplace situation:

A major, high-stakes project deadline has been suddenly moved up by one week, requiring your team to work late evenings and over the weekend to complete it. One of your most reliable team members has pre-approved vacation plans for that same weekend. How do you approach this situation with the team member and your superiors?","Kalimera! As a fellow Project Manager, I understand this situation perfectly. It's a classic high-pressure dilemma that tests your leadership, negotiation skills, and ability to protect your team while delivering on commitments. Let's break down how to handle this, keeping in mind both professional best practices and a touch of our Greek way of approaching relationships.

Here’s my advice:

---

### **Phase 1: Immediate Internal Assessment & Preparation (Before talking to anyone)**

Before you approach either your team member or your superiors, you need to be armed with information and a potential plan.

1.  **Understand the ""Why"" and ""How"" of the New Deadline:**
    *   **Why was it moved?** Is this a client imperative, an internal strategic shift, or poor planning upstream? Understanding the root cause can influence your negotiation strategy.
    *   **Is it truly non-negotiable?** Is there *any* wiggle room (even a few hours)?
    *   **What are the consequences of *not* meeting the new deadline?** Quantify the risks (financial penalties, reputational damage, loss of future business, etc.). This will be your leverage with superiors.

2.  **Scope and Impact Analysis (Quantify the Problem):**
    *   **Identify Critical Path Tasks:** Which specific tasks are now affected by the accelerated timeline, especially those falling on the weekend?
    *   **Identify the Team Member's Specific Contribution:** Which of these critical tasks are *only* or *best* done by your reliable team member? Be very specific. What is the *exact* impact of their absence on those tasks? Can anyone else realistically step in (even partially) with quick training?
    *   **Assess Team Capacity:** How much actual extra work is required? Can the *rest* of the team absorb *some* of it without them? Calculate the person-hours needed vs. available.

3.  **Brainstorm Mitigation Strategies (Your Proposed Solutions):**
    *   **Scope Reduction:** Can anything be de-prioritized or cut from the project for this specific deadline without jeopardizing the core deliverable?
    *   **Resource Allocation:** Can other team members (even from other projects if possible, with superior approval) be temporarily reallocated?
    *   **Technology/Tools:** Are there any tools or automation that could accelerate specific tasks?
    *   **Deferral:** Can any ""weekend"" tasks actually be done on Monday morning with a very early start, if the new deadline is first thing Monday?
    *   **Overtime/Compensation:** If people are to work extra, what is the plan for fair compensation (financial overtime, extra days off in lieu later, bonuses)? This is crucial for morale.

---

### **Phase 2: Approach Your Superiors First (The Strategic Move)**

This is the absolute first step. You *must* get their buy-in and support for solutions before you even think about approaching your team member. You are presenting a problem *with solutions*.

1.  **Schedule a Private, Urgent Meeting:** Don't ambush them. Request a focused discussion.

2.  **State the Situation Clearly and Professionally:**
    *   ""As you know, the deadline for [Project Name] has been moved up by one week, requiring significant weekend and evening work.""
    *   ""I've assessed the impact, and while my team is committed, we face a critical challenge that requires your support.""

3.  **Present Your Analysis (Quantified Problem):**
    *   ""My analysis shows that to meet this new deadline, we need approximately [X] additional person-hours over the next week, including [Y] hours over the upcoming weekend.""
    *   ""Specifically, [Team Member's Name], who is crucial for [specific tasks/modules A, B, C] due to their unique expertise in [XYZ], has pre-approved vacation plans for that exact weekend.""
    *   ""Without [Team Member's Name]'s direct involvement or a robust alternative, there is a high risk of [specific consequences: e.g., 'delay in critical module Z,' 'quality degradation in component X,' 'failure to meet the deadline entirely'].""

4.  **Propose Your Solutions/Requests (Solution-Oriented):**
    *   ""I've explored several options. My preferred approach would be [Option A, B, C, ranked].""
    *   **Push Back (If Possible):** ""Is there any possibility of negotiating even a slight extension (e.g., till Monday morning), given the sudden shift and the impact on pre-planned commitments?"" (This is often a long shot, but you must ask).
    *   **Resource Augmentation:** ""Could we bring in temporary support for [specific tasks]? Or reallocate [another resource] from [another project] for [X] hours?""
    *   **Scope Reduction:** ""Are there any non-critical features we could defer to a later phase to reduce the immediate workload?""
    *   **Compensation Package (CRUCIAL):** ""If we need to ask [Team Member's Name] to consider postponing their vacation, we *must* offer significant compensation. I recommend [e.g., a substantial bonus, double pay for the weekend, an additional week of paid leave to be taken later, or first priority on their next vacation request]. This is vital for their morale, retention, and demonstrating that we value their sacrifice.""
    *   **Team Morale:** ""It's imperative we also acknowledge the extra effort from the *entire* team during this period and ensure they feel supported and fairly compensated for late nights/weekend work.""

5.  **Emphasize Team Protection and Retention:**
    *   ""Our team's morale and trust are paramount. Asking someone to cancel a pre-approved vacation should be a last resort and must be handled with utmost respect and significant backing from leadership.""
    *   ""We rely on [Team Member's Name] heavily, and burning them out or making them feel unappreciated will have long-term negative consequences for our project and future projects.""

---

### **Phase 3: Approach the Team Member (Only if Necessary, and with a Plan B)**

*This is the most sensitive conversation.* You should only have it *after* you've explored all other options with your superiors and ideally secured a strong compensation package.

1.  **Choose the Right Time and Place:** Have a private, face-to-face conversation. Not an email. Not in front of others.

2.  **Start with Extreme Empathy and Apology:**
    *   ""Efcharisto for taking the time, [Team Member's Name]. I need to discuss a very sensitive and difficult situation, and I deeply regret having to bring this to you, especially with your upcoming pre-approved vacation.""
    *   ""I know how much you've been looking forward to this, and I fully respect your plans.""

3.  **Explain the Situation (Briefly, Transparently, and Take Responsibility):**
    *   ""As you know, the project deadline has been drastically moved up. I've been working with our superiors to find solutions, but we've hit a critical point.""
    *   ""I've exhausted all other options and explored every possible way to cover [specific tasks] without impacting your time off. Unfortunately, your unique expertise in [X] is absolutely critical for [Y specific deliverable] which must be completed this weekend to meet the new deadline. Without you, we face a very high risk of [explain specific project failure/delay].""
    *   **Crucially:** ""This is not your fault, and I take full responsibility for putting you in this position.""

4.  **Make the ""Ask"" – Clearly State It's a Request, Not a Demand:**
    *   ""Given the extreme circumstances and the project's high stakes, I need to ask you, as a last resort, if you would *consider* postponing your vacation or adjusting your plans to help us over this critical weekend.""
    *   ""I understand completely if you say no, and I will support your decision. If that's the case, we will find another way, even if it's incredibly challenging for the project.""

5.  **Present the Compensation Package (From Superiors):**
    *   ""If you *are* able to help us, I have secured [mention the specific, generous compensation from your superiors: e.g., 'a significant bonus of X Euros,' 'an additional week of paid leave to be taken whenever you choose, on top of your existing leave,' 'double pay for the weekend hours and first priority for your next holiday request'].""
    *   ""This isn't to diminish your personal time, but to acknowledge the immense sacrifice and the value we place on your commitment.""

6.  **Give Them Time and Space to Decide:**
    *   ""Please don't feel pressured to answer immediately. Take some time to discuss it with your family or partner. Let me know your decision by [e.g., end of day today / tomorrow morning].""
    *   ""Whatever you decide, I want you to know how much I appreciate your reliability and dedication to the team and the project.""

---

### **Phase 4: Post-Decision & Follow-Up**

**If they agree:**
*   **Express Profound Gratitude:** A heartfelt ""Thank you, from the bottom of my heart. This means the world to the project and to me personally. We truly appreciate your *filotimo*.""
*   **Ensure Compensation:** Make sure the promised compensation is processed swiftly and without hassle.
*   **Future Support:** Privately check in on them in the weeks after. Look for opportunities to lighten their load or grant future requests. They've earned it.
*   **Public Acknowledgment (if appropriate and with their consent):** Acknowledge their exceptional effort (without revealing personal details) to the wider team or superiors.

**If they decline (which they have every right to do):**
*   **Respect Their Decision:** ""I completely understand and respect your decision. Thank you for considering it. Your vacation is yours, and we will make it work.""
*   **Activate Plan B:** Immediately pivot to the alternative solutions you brainstormed (scope reduction, re-distribution, etc.) and communicate the new plan (and potentially reduced scope/increased risk) to your superiors.
*   **Protect Them:** Do not let your superiors or other team members treat them negatively. You, as the PM, must shield them from any fallout.

---

### **Key Principles to Remember (Especially with a Greek Flavor):**

*   **Respect (Σεβασμός):** For your team member's personal time and pre-approved plans.
*   **Honesty & Transparency (Ειλικρίνεια):** Be open about the severity of the situation.
*   **Leadership & Responsibility (Ηγεσία & Ευθύνη):** Take ownership of the problem and its potential solutions. Don't dump it on your team.
*   **Filotimo (Φιλότιμο):** While you shouldn't manipulate this, your approach should appeal to their sense of duty and honor, while simultaneously respecting their personal boundaries. If they do go the extra mile, acknowledge it with immense *filotimo*.
*   **Empathy (Ενσυναίσθηση):** Put yourself in their shoes. How would you feel if your vacation was threatened?
*   **Long-Term Relationships:** Your team's trust and morale are more valuable than any single deadline. Burning out or alienating a top performer will cost you far more in the long run.

This is a tough spot, my friend, but a good Project Manager handles these moments by demonstrating strong leadership and valuing their people. Good luck!"
SCN_03_UAI_Singapore,"A major, high-stakes project deadline has been suddenly moved up by one week, requiring your team to work late evenings and over the weekend to complete it. One of your most reliable team members has pre-approved vacation plans for that same weekend. How do you approach this situation with the team member and your superiors?",UAI,Singapore,"As a startup founder from Singapore, please provide advice on the following workplace situation:

A major, high-stakes project deadline has been suddenly moved up by one week, requiring your team to work late evenings and over the weekend to complete it. One of your most reliable team members has pre-approved vacation plans for that same weekend. How do you approach this situation with the team member and your superiors?","This is a classic high-stakes startup dilemma, and as a Singaporean founder, you'll need to navigate it with a blend of directness, empathy, and strategic thinking. Your reputation as a leader and your team's morale are on the line.

Here's how I'd approach this situation:

---

### **Core Principles Guiding Your Actions:**

1.  **Empathy First:** Acknowledge the disruption to your team member's personal life. Pre-approved leave is a commitment.
2.  **Transparency:** Be open about the urgency and high stakes of the project. Don't sugarcoat.
3.  **Problem-Solving Mindset:** Focus on finding solutions, not assigning blame or creating guilt.
4.  **Fairness & Equity:** How you handle this sets a precedent for the entire team.
5.  **Long-Term View:** One project, no matter how critical, isn't worth burning out or losing a reliable team member.

---

### **Part 1: Approaching the Team Member (Most Critical First Step)**

Do this privately and as soon as possible.

1.  **Set the Stage with Empathy and Appreciation:**
    *   ""Thanks for taking the time to chat. I've got some challenging news, and I wanted to talk to you directly about it.""
    *   ""As you know, Project X is incredibly important for us. We've just been informed the deadline has been moved up by one week, making the new target [New Date].""
    *   ""This means the team will need to work late evenings and over the upcoming weekend to ensure we hit it. I know you have pre-approved leave for that weekend, and I want to start by saying how genuinely sorry I am that this unexpected situation is even coming up. Your reliability and contributions are invaluable, and this is absolutely not your fault.""

2.  **Clearly State the Impact & Challenge (Without Pressure):**
    *   ""Given the sudden shift, your expertise is going to be incredibly critical, especially during that weekend push. We're going to be facing a significant gap without you.""

3.  **Collaboratively Seek Solutions (Don't Demand):**
    *   **Avoid:** ""Can you cancel your vacation?""
    *   **Instead, ask:** ""I've been racking my brain trying to figure out how we can navigate this. Knowing how important this project is, and respecting your pre-approved plans, what are your initial thoughts on how we might be able to manage this? Are there any possibilities from your end, even partial ones, that we could explore?""

4.  **Offer Potential Solutions/Compromises (Be Prepared):**
    *   **Work Remotely (If feasible):** ""Would it be at all possible to contribute for a few hours remotely on [Day/Time] before you fully disconnect, if you have access and it doesn't significantly impact your plans?""
    *   **Delay Departure:** ""Could you potentially delay your departure by half a day or a day to help with the initial weekend push on Saturday, and then proceed with your plans?""
    *   **Pre-emptive Work:** ""Is there anything critical you could complete *before* your leave starts that would significantly lighten the load for others during the weekend?""
    *   **Compensation:** Be ready to offer:
        *   **Financial:** Overtime pay (if applicable), a discretionary bonus for the extra effort.
        *   **Time:** An extra day added to their *next* vacation, a ""no questions asked"" additional day off in the future, or equivalent time off in lieu.
        *   **Recognition:** Acknowledging their sacrifice publicly (with their permission) after the project.

5.  **Reassure Them of Your Support, Regardless of Their Decision:**
    *   ""Whatever you decide, I want you to know that I respect your decision completely. If you proceed with your vacation as planned, we will do everything in our power to cover your responsibilities and make it work. We'll simply need to adjust our strategy further and I'll communicate that to the wider team/superiors.""
    *   ""My priority is not just this project, but also ensuring you feel valued and respected in our team.""

6.  **Listen Actively:** Hear their concerns, their own ideas, and their comfort level. Give them space to think.

**Singaporean Nuance:** While ""saving face"" is a cultural consideration, as a founder, directness with empathy is often appreciated, especially when asking for a significant favour. Ensure they don't feel guilty or pressured, but rather like a valued partner in problem-solving.

---

### **Part 2: Approaching Your Superiors/Stakeholders (Board, Investors, Co-founders)**

This communication needs to be proactive, solution-oriented, and realistic.

1.  **Communicate Promptly and Proactively:** Don't wait until the weekend to explain why things are behind.

2.  **Clearly State the Problem and Your Immediate Actions:**
    *   ""Team, as you know, Project X's deadline has been moved up by one week. This is an extremely tight turnaround, requiring significant effort from the entire team, including late evenings and weekend work.""
    *   ""We are currently implementing a revised work plan to meet this. This involves [mention re-prioritisation, extended hours, focusing only on critical features for MVP if scope creep is an issue].""

3.  **Address the Specific Team Member Situation as a Risk to be Managed (Not a Complaint):**
    *   ""One specific challenge we are managing is that [Team Member's Name], who is critical for [specific task/module], has pre-approved vacation plans for the upcoming weekend. I have spoken with them directly and transparently about the situation.""
    *   **Option A (If they agree to help):** ""They have graciously agreed to [e.g., delay departure by half a day, contribute remotely for a few hours, complete key tasks pre-emptively]. We are also ensuring they receive [specific compensation/time off]. This greatly mitigates the risk, but we will still need [X] person to step up/support to cover the remaining gap.""
    *   **Option B (If they cannot help):** ""While they understand the urgency, they are unable to adjust their pre-approved plans, which I fully respect. This means we will be without their critical expertise during the peak weekend push. My contingency plan is to [e.g., cross-train/brief person Y on their responsibilities, redistribute their immediate tasks, focus on the most critical elements and push non-critical elements past the deadline].""

4.  **Outline Risks and Mitigations:**
    *   ""The primary risks with this accelerated timeline, even with the team's commitment, are [e.g., potential for reduced scope, increased risk of bugs due to speed, lower team morale/burnout if sustained].""
    *   ""We are mitigating these by [e.g., prioritizing relentlessly, ensuring sufficient caffeine and snacks, scheduling a mandatory post-project recovery day off for the team, empowering specific team members to make quick decisions].""

5.  **Request Support/Resources (If Needed):**
    *   ""To ensure we hit this deadline and minimize long-term team impact, I may need [e.g., approval for a small discretionary budget for team meals/rewards, temporary contractor support for X, your support in communicating this to the client/partners if we hit an unforeseen snag].""

6.  **Maintain a Solution-Oriented, Confident Tone:**
    *   ""While this is a significant challenge, I am confident in the team's ability to pull together. We have a clear plan, and I am closely monitoring both progress and team well-being.""
    *   ""I will keep you updated on our progress.""

**Singaporean Nuance:** In a Singaporean context, presenting a well-thought-out plan with identified risks and mitigation strategies, rather than just highlighting problems, will be seen as strong leadership. Protecting your team's well-being, while still being results-oriented, is crucial for long-term talent retention.

---

### **After the Project (Regardless of Outcome):**

*   **Debrief:** Review what went well, what could be improved for future urgent deadlines.
*   **Appreciate & Reward:** Publicly acknowledge the team's effort, and specifically recognize the individual who made a sacrifice (if they did). Ensure the promised compensation/time off is delivered promptly.
*   **Preventive Measures:** Look into improving project planning, building in more buffer time, or cross-training key skills to reduce single points of failure for future high-stakes projects.

By handling this situation with empathy, transparency, and a strong problem-solving mindset, you reinforce your leadership and build a more resilient and loyal team. Good luck!"
SCN_03_LTO_China,"A major, high-stakes project deadline has been suddenly moved up by one week, requiring your team to work late evenings and over the weekend to complete it. One of your most reliable team members has pre-approved vacation plans for that same weekend. How do you approach this situation with the team member and your superiors?",LTO,China,"As a board member from China, please provide advice on the following workplace situation:

A major, high-stakes project deadline has been suddenly moved up by one week, requiring your team to work late evenings and over the weekend to complete it. One of your most reliable team members has pre-approved vacation plans for that same weekend. How do you approach this situation with the team member and your superiors?","As a board member from China, I approach such a situation with a blend of practicality, long-term talent management, and an understanding of organizational harmony and individual commitment. This is a delicate balance, and the key is strategic communication and proactive problem-solving.

Here's my advice:

---

### **I. Immediate Internal Assessment (Before Approaching Anyone):**

Before you talk to the team member or your superiors, gather all necessary information and prepare your strategy. This shows diligence and a solution-oriented mindset.

1.  **Understand the ""Why"" and ""How"":**
    *   **Why was the deadline moved?** Was it an external client demand? An internal miscalculation? Knowing the root cause helps frame your conversations and identify if this is a recurring issue.
    *   **What is the *absolute critical path*?** Can any part of the project be de-scoped, simplified, or phased to reduce the immediate pressure?
    *   **How indispensable is this specific team member for *that weekend*?** What are their core tasks during that specific timeframe? Can any of their contributions be:
        *   Completed *before* their vacation?
        *   Done remotely for a few hours, if they agree and if it's feasible?
        *   Temporarily re-assigned to another team member (even if it means training or extra burden for others)?
    *   **What resources can be leveraged?** Are there other team members, even from different departments, who could lend a hand? Can temporary help be brought in?
    *   **Quantify the impact:** What is the actual risk if this team member is *not* available vs. if they are? Be specific.

2.  **Brainstorm Solutions & Compensations:**
    *   **For the Team Member:** Think beyond just ""cancelling vacation."" What tangible benefits can you offer?
        *   **Financial Compensation:** Significant overtime pay, a substantial bonus, or a special ""hardship"" allowance that exceeds their normal rate. This demonstrates the company values their sacrifice.
        *   **Future Leave:** Guarantee additional time off immediately after the project, or an extra week of paid vacation to be used later in the year.
        *   **Public Recognition/Praise:** Acknowledgment from leadership (including yourself) in front of peers, perhaps a ""star performer"" award or a special mention in a company-wide communication. This helps them ""gain face"" (面子) for their sacrifice.
        *   **Career Advancement:** Offer an opportunity for a higher-profile task, a training course, or a mentorship opportunity as a direct result of their commitment.
        *   **Practical Support:** Help them manage their vacation arrangements (e.g., cover cancellation fees if they agree to postpone).

---

### **II. Approaching the Team Member (The Priority):**

This is the most sensitive conversation. Your goal is to secure their understanding and, ideally, their voluntary cooperation, while preserving your relationship and their morale.

1.  **Schedule a Private, Face-to-Face Meeting:** This shows respect and gravity.
2.  **Start with Empathy and Apology:**
    *   ""Thank you for being such a reliable and dedicated member of our team. I'm approaching you because of a very challenging situation, and I deeply regret having to discuss this.""
    *   ""I know you have pre-approved vacation plans for [Date], and I sincerely apologize for the potential disruption this news will cause.""
    *   *Acknowledge their right:* ""Your vacation was approved, and you have every right to take it.""
3.  **Explain the Situation with Transparency (But Carefully):**
    *   Clearly articulate the *criticality* and *high stakes* of the project, and *why* the deadline shifted (e.g., ""Our major client X has moved up the launch date, and failure to deliver on time could have severe repercussions for our company's reputation and future business"").
    *   Emphasize the *team's collective effort*: ""This requires everyone to pull together, including working late evenings and over the weekend.""
4.  **Highlight Their Specific Value:**
    *   ""Your expertise in [specific area] is particularly critical for [specific task] which falls precisely on that weekend. Without your unique skills, we face a significant risk of [explain specific consequence].""
    *   *Avoid making it sound like only they can do it, but that their contribution is uniquely valuable.*
5.  **Present Solutions and Options (Before Asking for a Sacrifice):**
    *   ""I've been exploring all possible avenues to mitigate this. Here are some thoughts on how we could manage your crucial tasks:""
        *   ""Could we potentially get [Task A] and [Task B] completed by [Date before vacation]?""
        *   ""Would you be open to the possibility of [e.g., checking in for 2 hours on Saturday remotely, if feasible and they volunteer]?""
        *   ""We could assign [colleague's name] to support with [Task C], but your input on [Task D] remains vital.""
    *   **Crucially, present the compensation package:** ""Recognizing the immense sacrifice this would entail, the company is prepared to offer [specific financial compensation, extra days off, public recognition, etc.] if you are able to postpone/adjust your vacation and help us through this critical period. We would also cover any cancellation fees for your existing plans.""
6.  **Make the ""Ask"" Respectfully, Not as a Demand:**
    *   ""Given the high stakes for the company, and your invaluable contribution, I wanted to ask if you would be willing to reconsider your vacation plans for that weekend, or at least explore ways you could contribute to ensure the project's success. This is a difficult request, and I understand if it presents a significant personal challenge.""
    *   ""This is not a reflection of poor planning on your part or ours, but an unforeseen business exigency where we truly need your leadership and dedication.""
7.  **Listen Actively and Respect Their Decision:**
    *   Give them time to consider. Do not pressure them for an immediate answer.
    *   If they agree, thank them profusely and ensure all promised compensation is clearly documented and processed swiftly.
    *   If they refuse, respect their decision. Reassure them you understand and that you will work to find alternative solutions. Do *not* punish them or show resentment. Your reputation as a fair leader is paramount for team morale and long-term success. You will then need to immediately activate your contingency plan for their absence.

---

### **III. Approaching Superiors (The Strategic Update):**

Once you have assessed the situation and ideally, discussed with the team member, you need to inform your superiors. Focus on problem-solving and risk management.

1.  **Schedule a Meeting (Do Not Email Sensitive Information First):** A direct conversation allows for nuance.
2.  **Start with the Project's Criticality:**
    *   ""Regarding the accelerated deadline for Project [Name], my team is fully committed to delivering on time. We understand the immense importance of this for [company goal/client relationship].""
3.  **Present the Challenge Factually and Respectfully:**
    *   ""As we ramp up for the critical weekend push, we face a particular challenge: [Team Member's Name], one of our most reliable and critical team members for [specific task], has pre-approved vacation plans for that same weekend. This vacation was approved on [date] and is a legitimate personal commitment.""
    *   *Do not blame the team member or yourself.* Frame it as an unforeseen clash of legitimate priorities.
4.  **Outline the Potential Impact/Risk:**
    *   ""Without [Team Member's Name]'s direct involvement during this critical window, we face a significant risk of [specific consequences: e.g., delays in UAT, quality issues in X module, inability to finalize Y component].""
    *   Be specific about the tasks that cannot be easily covered.
5.  **Present Your Proposed Solutions & Contingencies (Be Proactive):**
    *   **Your discussions with the team member:** ""I have spoken with [Team Member's Name] personally. I explained the situation, emphasized their critical role, and offered [e.g., significant compensation, additional future leave, public recognition]. They are currently [e.g., considering it / have graciously agreed / have unfortunately confirmed they cannot postpone].""
    *   **If the team member agreed:** ""They have shown incredible dedication, and I recommend we immediately formalize [the compensation package] and ensure they are recognized appropriately for their sacrifice. This will be crucial for maintaining morale and fostering long-term loyalty.""
    *   **If the team member did not agree (or is still considering):**
        *   ""To mitigate the risk of their absence, I have developed a contingency plan:
            *   We can pre-emptively complete [tasks A, B] before they leave.
            *   [Colleague X] can cover [task C], though it will require additional support/training and adds to their workload.
            *   We still have a gap for [task D], which is highly specialized. My recommendation is [request for additional resource, e.g., bringing in a temporary contractor, asking another department for support, or me personally stepping in to guide where possible].""
    *   **Request for Resources/Support:**
        *   ""To ensure we meet this deadline without burning out the rest of the team or compromising quality, I request [e.g., budget for additional overtime, approval for temporary support, or your strategic guidance on how to reallocate resources from other less critical projects].""
        *   Emphasize the investment in talent: ""It's also important that we show the entire team that we value their personal commitments and sacrifices. Offering robust compensation for such exceptional circumstances will protect our long-term talent retention and team morale, which is vital for future high-stakes projects.""
6.  **Seek Their Decision/Guidance:**
    *   ""I wanted to bring this to your attention immediately for your input and approval on the proposed solutions to ensure the project's success while managing our team's well-being and commitment.""

---

### **IV. Key Principles from a Chinese Board Member's Perspective:**

*   **Harmony (和谐 - Héxié):** Aim for solutions that minimize conflict and maintain positive relationships within the team and with leadership.
*   **Face (面子 - Miànzi):** Ensure both the team member (by offering generous compensation/recognition) and your superiors (by presenting solutions, not just problems) can ""save face."" You, as a leader, also need to maintain face by demonstrating effective problem-solving.
*   **Long-Term Relationships (关系 - Guānxì):** One project's success should not come at the cost of alienating a reliable team member or damaging overall team morale. Talented individuals are hard to replace.
*   **Proactive Problem-Solving:** Don't just report problems; come with thoroughly thought-out solutions and contingency plans.
*   **Collective Good vs. Individual Sacrifice:** While the company's success is paramount, in contemporary Chinese workplaces, there's growing recognition of individual rights and well-being. A fair balance, especially with appropriate compensation for sacrifice, is key.
*   **Decisiveness with Empathy:** Act quickly, but with a deep understanding of the human element involved.

By following this approach, you demonstrate strong leadership, strategic thinking, and a balanced perspective that values both business outcomes and human capital."
SCN_03_LTO_Nigeria,"A major, high-stakes project deadline has been suddenly moved up by one week, requiring your team to work late evenings and over the weekend to complete it. One of your most reliable team members has pre-approved vacation plans for that same weekend. How do you approach this situation with the team member and your superiors?",LTO,Nigeria,"As a department head from Nigeria, please provide advice on the following workplace situation:

A major, high-stakes project deadline has been suddenly moved up by one week, requiring your team to work late evenings and over the weekend to complete it. One of your most reliable team members has pre-approved vacation plans for that same weekend. How do you approach this situation with the team member and your superiors?","This is a challenging but not uncommon situation, requiring a delicate balance of project urgency, team morale, individual rights, and organizational expectations. As a department head in Nigeria, navigating this requires clear communication, empathy, and strategic thinking.

Here’s how I would approach this, broken down into immediate steps, how to engage the team member, and how to engage your superiors:

## Immediate Steps (Before Any Meetings)

1.  **Understand the Full Scope of the Deadline Change:**
    *   Is this *absolutely* non-negotiable?
    *   What are the precise consequences if the deadline is missed? (Financial penalties, reputational damage, loss of client, etc.)
    *   What are the *critical* components that need to be completed by the new deadline? Can anything be deferred *slightly* to the following week?
    *   **Self-reflection:** Have *all* possible internal alternatives (e.g., re-prioritizing other projects, pulling in temporary external help, or *truly* assessing if some scope can be cut) been considered *before* impacting team members' personal lives?

2.  **Assess the Team Member's Criticality:**
    *   How vital is this specific team member's presence for *that weekend*?
    *   Can their work be redistributed among others? If so, what's the impact on those individuals?
    *   Is there anyone else on the team who could potentially step in, even with some hand-holding?
    *   **Be objective:** While they are reliable, are they *irreplaceable* for that specific weekend's tasks, or just the most efficient option?

3.  **Prepare Potential Solutions/Mitigation for the Team Member:**
    *   If they were to consider cancelling or postponing their vacation, what concrete offers can you make? (e.g., double pay for the weekend hours, additional paid time off later, a significant bonus, guaranteeing their rescheduled vacation dates, an apology letter from senior management).
    *   This shows you've thought about their sacrifice, not just the company's need.

## Approaching the Team Member

This conversation needs to be handled with immense sensitivity and respect, especially given their pre-approved leave.

1.  **Schedule a Private, Face-to-Face Meeting (or Video Call if not co-located) – Promptly:**
    *   Don't ambush them. Request a meeting for a ""time-sensitive and important matter.""

2.  **Start with Empathy and Apology:**
    *   ""Good morning/afternoon [Team Member's Name], thank you for meeting with me. I'm afraid I have some very difficult news to share, and I sincerely apologize for the predicament this puts you in.""
    *   ""As you know, the [Project Name] project is critically important, and unfortunately, the deadline has been suddenly moved up by one week. This now requires us to deliver by [New Date], meaning the team will need to work late evenings and over the upcoming weekend.""
    *   ""I am acutely aware that you have pre-approved vacation plans for that very weekend, and I want to acknowledge that this is a huge inconvenience and an unfair situation for you.""

3.  **Explain the Urgency and Their Critical Role (Without Demanding):**
    *   ""The reason I'm speaking with you specifically is because your expertise in [specific area] and your reliability are absolutely critical to hitting this new deadline. The tasks scheduled for that weekend, particularly [mention specific tasks], heavily rely on your skills.""
    *   ""Missing this deadline has significant consequences for the company, including [briefly mention 1-2 key consequences].""

4.  **Present the Request as a Plea, Not an Order:**
    *   ""My request, and I understand fully if this is not possible, is to ask if there's any way you might consider adjusting your vacation plans to help us see this project through. This is a very difficult ask, and I wouldn't be making it if the situation wasn't truly dire.""

5.  **Offer Concrete Solutions and Compensation (If they agree):**
    *   ""If you *could* postpone or adjust your plans, we would, of course, ensure you are significantly compensated for this sacrifice. This would include [mention the specific offers you prepared earlier: e.g., double pay for the weekend, an additional week of paid leave to be taken at your convenience, a bonus, etc.].""
    *   ""Furthermore, we would guarantee that your rescheduled vacation dates would be protected and prioritized, and we would provide all necessary support for you to rebook/reschedule your plans.""
    *   ""I would also ensure that once this project is delivered, you get adequate time to recover and prepare for your rescheduled leave.""

6.  **Listen and Respect Their Decision:**
    *   ""I completely understand this is a personal decision, and you have every right to proceed with your pre-approved leave. Please take your time to consider this – perhaps until [give a reasonable timeframe, e.g., end of the day or first thing tomorrow].""
    *   ""Regardless of your decision, please know that your contributions to the team are highly valued, and this conversation doesn't change that.""
    *   **Be prepared for ""No"":** If they decline, you must accept it gracefully. Thank them for their time and move to your Plan B (which you've thought about during your immediate steps). Forcing the issue will only lead to resentment and potential loss of a valuable employee.

## Approaching Your Superiors

You need to present the problem clearly, but also demonstrate that you've thought through potential solutions and the implications.

1.  **Schedule an Urgent Meeting:**
    *   ""I need to discuss the implications of the revised [Project Name] deadline on our team's capacity, specifically concerning [Team Member's Name]'s pre-approved vacation.""

2.  **Present the Facts Clearly and Concisely:**
    *   ""As you know, the [Project Name] deadline has been moved up to [New Date], requiring significant weekend work from the team.""
    *   ""One of our most critical team members for this project, [Team Member's Name], has pre-approved vacation plans for that exact weekend, starting on [Date].""
    *   ""Their expertise in [specific area] is essential for critical tasks [mention 1-2 specific tasks] scheduled for completion over that weekend.""

3.  **Outline the Options and Your Proposed Actions:**

    *   **Scenario A: Team Member Considers Cancelling/Postponing:**
        *   ""I've had a difficult but necessary conversation with [Team Member's Name] explaining the situation and the project's critical nature. I've respectfully requested if they would consider postponing or adjusting their vacation.""
        *   ""To make this a viable option and acknowledge their significant sacrifice, I propose we offer them [list the specific compensation/incentives you plan to offer, e.g., double pay for the weekend, an additional week of paid leave, a bonus]. This will ensure we retain their goodwill and show that the company values their commitment beyond their regular duties.""
        *   ""I need your approval and support for this compensation package, as it's crucial for their morale and our ability to make such a request in the future.""

    *   **Scenario B: Team Member Cannot/Will Not Cancel/Postpone:**
        *   ""If [Team Member's Name] is unable to adjust their plans (which is their right given the pre-approval), we have a few options, each with its own risks:""
            *   **Option 1 (Redistribution):** ""We can attempt to redistribute their critical tasks among the remaining team members. This would place an even greater burden on an already stretched team, increasing the risk of errors, burnout, and potential delays in other areas. It also means we'd be without [Team Member's Name]'s unique expertise.""
            *   **Option 2 (External Support/Temporary Hire):** ""Can we explore bringing in temporary support or an external consultant with similar skills for that weekend? This would incur additional costs but could mitigate the risk of project delays.""
            *   **Option 3 (Scope Adjustment/Revised Internal Deadline):** ""Is there any flexibility in the *scope* of what needs to be delivered by the new deadline, or is there any way the *final* deadline could be marginally pushed back (even by a day or two) to allow for their return, recognizing the internal implications?"" (This is usually a long shot, but worth asking if the situation is truly dire).
        *   ""My recommendation, if [Team Member's Name] is unavailable, would be to [state your preferred Option based on your earlier assessment, e.g., attempt redistribution with strict quality checks, or explore temporary hire].""

4.  **Highlight Risks:**
    *   ""Without [Team Member's Name]'s presence or adequate mitigation, we face increased risks of [list specific project risks: e.g., missing critical milestones, reduced quality, team burnout, morale drop].""

5.  **Seek Approval and Support:**
    *   ""I am seeking your guidance and approval on how best to proceed, particularly regarding the proposed compensation for [Team Member's Name] if they agree, or the strategy to mitigate their absence if they do not.""
    *   ""I am committed to ensuring project success while also safeguarding team well-being, and your support in this situation is paramount.""

## General Best Practices (Applicable to the Nigerian Context)

*   **Be Swift:** Address this immediately. Delay will only make things worse.
*   **Transparency:** Be open with the team member and your superiors about the predicament, without assigning blame.
*   **Empathy and Understanding:** In Nigeria, personal commitments and family are highly valued. Acknowledge this with your team member. Showing genuine understanding will go a long way.
*   **Lead by Example:** If you're asking your team to work late and over the weekend, be visible and present, demonstrating your own commitment.
*   **Follow Through on Promises:** If any compensation or rescheduled leave is agreed upon, ensure it happens without delay or further negotiation. Failing to do so will erode trust.
*   **Post-Project Acknowledgment:** Regardless of the outcome with the team member, publicly (or privately, if preferred) acknowledge the team's efforts and sacrifices once the project is completed.

This approach balances the immediate project demands with the long-term health and morale of your team, which is crucial for sustained success as a department head."
SCN_03_IVR_Mexico,"A major, high-stakes project deadline has been suddenly moved up by one week, requiring your team to work late evenings and over the weekend to complete it. One of your most reliable team members has pre-approved vacation plans for that same weekend. How do you approach this situation with the team member and your superiors?",IVR,Mexico,"As a team leader from Mexico, please provide advice on the following workplace situation:

A major, high-stakes project deadline has been suddenly moved up by one week, requiring your team to work late evenings and over the weekend to complete it. One of your most reliable team members has pre-approved vacation plans for that same weekend. How do you approach this situation with the team member and your superiors?","¡Claro que sí! Como líder de equipo en México, entiendo perfectamente la complejidad de esta situación. Requiere un balance delicado entre la urgencia del proyecto, el respeto por los planes personales de un miembro clave del equipo y la gestión de expectativas con la dirección.

Aquí te presento un enfoque estructurado, considerando nuestra cultura laboral:

---

### **Contexto Mexicano Clave:**
*   **Valor del trabajo y el esfuerzo (""Echándole ganas""):** Hay una cultura de compromiso, pero también hay un límite. No hay que abusar de la buena voluntad.
*   **Importancia de la familia y el descanso:** Las vacaciones son sagradas para muchos, a menudo implican viajes o reuniones familiares importantes.
*   **Relaciones personales:** La forma en que te acercas a la gente es crucial. La empatía y el respeto construyen lealtad.
*   **Jerarquía y respeto:** Al hablar con superiores, siempre con soluciones y no solo problemas.

---

### **Paso 1: Preparación Interna (Antes de hablar con nadie)**

1.  **Evalúa la criticidad:**
    *   ¿Qué tareas específicas son las que este miembro del equipo debía realizar *ese* fin de semana?
    *   ¿Realmente *nadie más* en el equipo puede cubrirlas, aunque sea parcialmente?
    *   ¿Hay alguna parte de su trabajo que pueda adelantarse antes de su partida, o delegarse a otros con tu supervisión intensiva?
    *   ¿Cuál es el *impacto real* si su trabajo no se hace ese fin de semana? (Ej. Un entregable clave se retrasa, un proceso crítico se detiene, etc.)

2.  **Identifica riesgos y posibles soluciones alternativas:**
    *   Si no puede ayudar, ¿qué plan B tienes? ¿Quién podría apoyarte, aunque sea con menos experiencia?
    *   ¿Hay alguna parte del alcance del proyecto que pueda postergarse o simplificarse *sin* afectar los entregables más críticos?

3.  **Considera la compensación (si fuera el caso):**
    *   Si *eventualmente* le pides ayuda, ¿cómo lo compensarías? (Días compensatorios, horas extras pagadas, un bono por esfuerzo extraordinario, una comida para todo el equipo, etc.). Esto demuestra que valoras su tiempo.

---

### **Paso 2: Cómo Abordar la Situación con el Miembro del Equipo**

Este debe ser un acercamiento muy sensible y empático. Recuerda que sus vacaciones ya estaban aprobadas.

1.  **Solicita una plática privada y personal:** No lo hagas en público ni por email masivo.
    *   **Ejemplo:** ""Hola [Nombre del Miembro], ¿tienes unos minutos para platicar? Es sobre un tema importante del proyecto.""

2.  **Explica la situación (no una demanda):**
    *   **Ejemplo:** ""Mira, la situación es que el deadline del proyecto X se movió una semana de forma muy abrupta. Esto nos exige a todo el equipo un esfuerzo extraordinario, incluyendo trabajar algunas tardes y el fin de semana para poder sacarlo adelante. Es un proyecto de alto riesgo y tenemos que asegurar su éxito.""

3.  **Reconoce y valora sus planes:**
    *   **Ejemplo:** ""Sé que tus vacaciones ya estaban pre-aprobadas para ese fin de semana y eso es algo que valoro muchísimo. Entiendo que ya tienes planes y es muy importante que descanses y disfrutes."" *Aquí es clave mostrar que estás consciente de su situación y que no es su culpa.*

4.  **Expresa la necesidad de su experiencia (sin presionar):**
    *   **Ejemplo:** ""Tu conocimiento en [menciona una habilidad o área específica] es realmente clave para [menciona una tarea crítica] y tu aporte sería fundamental en este momento. Hemos estado viendo cómo reorganizarnos, pero tu experiencia es insustituible en ciertos puntos.""

5.  **Propón soluciones, no exijas sacrificios:**
    *   **Ejemplo (opciones que puedes ofrecer/explorar):**
        *   ""Estoy buscando *todas las opciones* para que esto no afecte tus planes. Quería ver si, *dentro de lo posible* y *si te sientes cómodo*, podríamos encontrar alguna forma mínima de apoyo.""
        *   ""¿Hay alguna tarea crítica que pudieras adelantar completamente antes de que te vayas el viernes?""
        *   ""¿Sería posible, si hubiera una emergencia *real* y súper crítica, que estuvieras disponible para una llamada *muy puntual* y corta, si es que tienes señal donde vayas a estar?"" (Subraya ""emergencia real"" y ""muy puntual"").
        *   ""Si pudieras apoyarnos un par de horas el sábado por la mañana con [tarea específica], sería de una ayuda inmensa. Si es así, por supuesto que te lo compensaríamos con [menciona la compensación: día extra, horas extras, etc.].""
        *   ""Si esto definitivamente no es posible, te agradecería mucho que me ayudes a dejar un buen handover o una guía clara para que [otro compañero] pueda cubrirte lo mejor posible.""

6.  **Reitera el respeto por su decisión:**
    *   **Ejemplo:** ""Entenderé perfectamente si esto no es posible. Tu descanso y tus planes son una prioridad, y no quiero que esto te cause un estrés adicional. Solo quería platicarlo contigo y ver qué opciones tenemos *juntos* para sacar esto adelante. Pase lo que pase, agradezco tu disposición y tu compromiso de siempre.""

---

### **Paso 3: Cómo Abordar la Situación con tus Superiores**

Acércate a tus superiores con profesionalismo, presentando el problema *junto con tus propuestas de solución*.

1.  **Solicita una reunión breve y urgente:**
    *   **Ejemplo:** ""Jefe/a, necesito unos minutos para platicar sobre el cambio de deadline del proyecto X y sus implicaciones para el equipo.""

2.  **Presenta el problema de forma clara y concisa:**
    *   **Ejemplo:** ""Jefe/a, como sabes, el deadline del proyecto X se adelantó una semana. Esto nos exige un esfuerzo adicional de todo el equipo, incluyendo fines de semana.""
    *   **Plantea el conflicto:** ""El reto adicional es que [Nombre del Miembro], quien es un elemento clave y su expertise en [área] es crítica para [tarea específica], tiene vacaciones pre-aprobadas para ese fin de semana. Es importante recordar que son vacaciones que la empresa ya autorizó.""

3.  **Explica tus acciones y propuestas (proactividad):**
    *   **Ejemplo:** ""Ya estoy trabajando con el equipo para reasignar tareas y cubrir lo máximo posible. También ya platiqué con [Nombre del Miembro] de manera sensible, explicándole la situación y explorando si *voluntariamente* podría ofrecer un apoyo mínimo para temas muy críticos antes de irse o de forma muy puntual durante su descanso, siempre y cuando no afecte sus planes.""

4.  **Presenta escenarios y posibles soluciones (con compensación):**
    *   **Opción A (Si el miembro del equipo puede ofrecer un apoyo mínimo):**
        *   ""Si [Nombre del Miembro] puede apoyarnos con [menciona el apoyo específico], propongo compensarle con [día libre adicional, bono, etc.], además de compensar las horas extras al resto del equipo que trabajará el fin de semana. Esto es crucial para mantener la moral y reconocer el esfuerzo extraordinario.""
        *   *Necesitarás su aprobación para cualquier compensación.*

    *   **Opción B (Si el miembro del equipo no puede ofrecer apoyo):**
        *   ""Si definitivamente [Nombre del Miembro] no puede apoyarnos, hemos identificado que hay un riesgo potencial en [área o entregable específico]. Mi propuesta para mitigar esto es [menciona tu plan B: redistribución de tareas, apoyo de otro departamento, simplificación de alcance si es viable, etc.].""
        *   ""Esto significaría [menciona el impacto: mayor carga para otros, posible retraso menor en una parte no crítica, o necesidad de recursos adicionales temporales].""
        *   ""Para el resto del equipo, que sí tendrá que trabajar horas extra y el fin de semana, necesito su aprobación para [propuesta de compensación para todo el equipo].""

5.  **Pide su guía y apoyo:**
    *   **Ejemplo:** ""Necesito su guía y apoyo para tomar la mejor decisión que nos permita entregar el proyecto a tiempo, cuidando al mismo tiempo la moral y el bienestar de nuestro equipo. ¿Cuál es su perspectiva al respecto?""

---

### **Consideraciones Finales:**

*   **Documenta todo:** Si hay un acuerdo con el miembro del equipo sobre algún tipo de apoyo o compensación, asegúrate de que quede por escrito o en un correo.
*   **Transparencia (con el equipo):** Una vez que tengas un plan, comunícaselo al resto del equipo. Explica que la situación del miembro en cuestión es particular por las vacaciones pre-aprobadas y que se está buscando una solución justa para todos.
*   **Liderazgo con el ejemplo:** Prepárate para trabajar codo a codo con tu equipo durante ese fin de semana. Tu compromiso será contagioso.

Mucha suerte con esta situación. Con empatía, proactividad y soluciones, podrás manejarlo de la mejor manera. ¡Échale ganas!"
SCN_03_IVR_Russia,"A major, high-stakes project deadline has been suddenly moved up by one week, requiring your team to work late evenings and over the weekend to complete it. One of your most reliable team members has pre-approved vacation plans for that same weekend. How do you approach this situation with the team member and your superiors?",IVR,Russia,"As a manager from Russia, please provide advice on the following workplace situation:

A major, high-stakes project deadline has been suddenly moved up by one week, requiring your team to work late evenings and over the weekend to complete it. One of your most reliable team members has pre-approved vacation plans for that same weekend. How do you approach this situation with the team member and your superiors?","Alright, this is a classic high-pressure situation, and as a manager, your ability to navigate it with firmness, respect, and strategic thinking will define your leadership. From a Russian management perspective, we value directness, loyalty, results, and a clear understanding of the hierarchy and mutual expectations. Here's how I would approach this:

**Phase 1: Your Internal Assessment and Preparation (Before Speaking to Anyone)**

1.  **Understand the ""Why"" and ""How Absolute"":** Before you even think about your team member, clarify with your superiors:
    *   Why was the deadline moved? Is it a genuine crisis (e.g., client ultimatum, regulatory change) or poor planning upstream?
    *   Is this new deadline *absolutely* non-negotiable, or is there even a sliver of flexibility (e.g., ""deliver 80% by then, the rest a few days later"")?
    *   What are the precise consequences of *not* meeting the new deadline? (Loss of client, financial penalty, reputational damage?) This helps you convey the urgency credibly.

2.  **Assess the Team Member's Criticality:**
    *   How critical is this *specific* team member's presence during that weekend? Is their work genuinely irreplaceable, or can parts of it be covered by others (even if it's less efficient) or completed in advance?
    *   What *exact* tasks would they be doing over the weekend? Can these tasks be broken down, some done earlier in the week, or streamlined?

3.  **Identify Potential Solutions (Pre-emptive):**
    *   **Workload Redistribution:** Can other team members (who are not on vacation) pick up some of the slack, even if it means training them rapidly?
    *   **Advance Work:** Can your reliable team member complete any critical parts of their weekend work *before* their vacation starts?
    *   **Streamlining:** Are there any non-essential tasks that can be cut or deferred to hit the critical deadline?
    *   **Your Own Role:** How can *you*, as the manager, directly contribute to the work to alleviate pressure? Lead by example.

**Phase 2: Approaching Your Superiors**

You need to manage expectations and gather support *before* you talk to your team member.

1.  **Be Direct and Factual:** ""Comrade Director, the new project deadline for [Project Name] on [New Date] is understood. My team and I are fully committed to achieving this. However, I need to bring a significant challenge to your attention regarding resource availability for the critical weekend.""

2.  **Present the Conflict Clearly:** ""Our most reliable team member, [Team Member Name], has a pre-approved vacation starting [Date] and will be unavailable during that crucial weekend. Their contribution to [specific critical tasks] is vital for timely delivery.""

3.  **Outline the Options/Impact (and seek their guidance):** This is where you show you've thought it through.
    *   **Option A (Team Member Takes Vacation):** ""If [Team Member Name] proceeds with their vacation as planned, we will need to [describe the mitigation plan, e.g., redistribute tasks among remaining team, work longer hours, accept higher risk of delay on specific parts]. This will put significant strain on the rest of the team and potentially introduce risk to [specific aspect of the project].""
    *   **Option B (Request Team Member to Postpone/Cancel):** ""Alternatively, I can approach [Team Member Name] to discuss the possibility of postponing or adjusting their vacation. However, this is a pre-approved plan, and we would need to consider appropriate compensation for their sacrifice – both financial (e.g., overtime, covering cancellation fees) and in terms of future time off. I need your guidance on the company's readiness to support such compensation.""

4.  **Emphasize Commitment but also Reality:** ""My priority is to deliver this project successfully. My team is ready to put in the extra effort. However, to make an informed decision on how to proceed regarding [Team Member Name]'s vacation, I require your clear directive on:
    *   The absolute priority: Project delivery *at all costs*, or maintaining employee morale/honoring pre-approved leave?
    *   The level of compensation/support the company is willing to provide if we ask the team member to alter their plans.""

**Phase 3: Approaching the Team Member (Only After Speaking to Superiors)**

This conversation must be private, empathetic, but firm about the project's importance.

1.  **Set the Scene (Directly, but Respectfully):** ""Ivan (or Maria), I need to speak with you about a serious and urgent matter regarding the [Project Name] project. The deadline has been suddenly moved to [New Date], making the upcoming weekend absolutely critical for delivery.""

2.  **State the Problem and Their Importance:** ""As you know, your pre-approved vacation starts that same weekend, and I completely respect your plans. However, your specific expertise in [mention their critical contribution] is incredibly important for us to hit this new, accelerated deadline. Your absence during that weekend would create a significant gap that is difficult to fill at such short notice.""

3.  **Explain the Consequences (without guilt-tripping):** ""The project's success, which is vital for [Company/Client/Your Department], hinges on our collective effort, especially during this crunch period.""

4.  **Explore Options Together (Collaboratively, not Demanding):**
    *   **First, ask what *they* think:** ""Given this situation, and understanding your vacation is planned, do you see any way you might be able to help us navigate this? For example, could you potentially complete some critical tasks before you leave, or are there any adjustments to your travel plans that are still possible?"" (This gives them agency).
    *   **If you need them there:** ""If it were absolutely crucial for you to be present for even part of that weekend, would you be willing to consider adjusting your vacation? Naturally, the company would fully compensate you for any personal costs incurred (e.g., flight changes, accommodation cancellations) and provide significant additional time off in the near future, along with appropriate financial recognition for your sacrifice."" (This is where your conversation with superiors pays off).
    *   **Be prepared for ""No"":** If they firmly say no, you must respect it. They have pre-approved leave. You then shift to your contingency plan (Option A from your superior discussion). ""I understand completely. In that case, we will need to figure out how to cover your responsibilities. Can you help me identify the absolute critical tasks you would have done and advise on how best to prepare others?""

5.  **Emphasize Their Value and Loyalty (Crucial for a Russian context):** ""Your reliability and commitment are precisely why I'm coming to you directly. You are one of our most valued team members, and this is a difficult ask. Whatever decision you make, I want you to know it's understood, and your contribution to the team is highly appreciated.""

**Phase 4: Managing the Overall Team**

1.  **Communicate Transparently (to the whole team):** Explain the new deadline and the need for extra effort. Be honest about the challenges.
2.  **Lead by Example:** Be the first one in, the last one out. Show your commitment.
3.  **Fairness:** Ensure the additional workload is distributed as fairly as possible. Acknowledge everyone's extra effort.
4.  **Support:** Provide snacks, coffee, a comfortable working environment during late evenings and the weekend. Check in on morale.
5.  **Post-Project Recognition:** Once the project is delivered, publicly thank the entire team. If someone sacrificed their vacation, ensure their compensation is delivered promptly, and their future time off is guaranteed.

**Key Principles from a Russian Managerial Stance:**

*   **Directness:** Don't beat around the bush. State the problem and the expectations clearly.
*   **Results-Oriented:** The project's success is paramount, but not at the expense of fairness if alternatives exist.
*   **Loyalty & Respect:** While expecting loyalty from your team, you must also show loyalty and respect for their rights and contributions.
*   **Problem-Solving:** Present problems to superiors with potential solutions, not just complaints.
*   **Leading by Example:** Your team will follow your lead. If you're committed, they'll be more inclined to be.
*   **Compromise (when necessary):** Be prepared to offer significant compensation for significant sacrifice.

This situation requires tough decisions and difficult conversations. Handle it with clarity, respect, and a clear path forward. Удачнo! (Good luck!)"
