Scenario_ID,Scenario_Text,Target_Dimension,Cultural_Persona,Full_Prompt,Gemini_Response,PDI_Code,IDV_Code,MAS_Code,UAI_Code,LTO_Code,IVR_Code
SCN_01_IDV_Default,"A member of your team has independently developed a new, highly efficient process that makes them more productive and could lead to a personal bonus. However, it differs from the team's collaborative workflow. What advice would you give them?",IDV,Default,"Please provide advice on the following workplace situation:

A member of your team has independently developed a new, highly efficient process that makes them more productive and could lead to a personal bonus. However, it differs from the team's collaborative workflow. What advice would you give them?","This is a fantastic situation, as it highlights both individual initiative and the challenges of team collaboration. The advice should empower the team member while guiding them to integrate their innovation effectively and respectfully.

Here's the advice I would give them:

---

**Subject: Your Innovative New Process – Let's Maximize Its Impact!**

""Congratulations! This is truly exciting news. Independently developing a new, highly efficient process that makes you more productive and could lead to a personal bonus demonstrates incredible initiative, problem-solving skills, and dedication. That's exactly the kind of innovation we value.

However, the fact that it differs from the team's collaborative workflow is a critical point we need to address carefully. Our goal is to empower you to leverage your efficiency while also ensuring team cohesion, shared understanding, and overall productivity.

Here's my advice on how to proceed:""

### **Phase 1: Document & Prepare Your Case (Before Sharing Widely)**

1.  **Fully Document Your Process:**
    *   Write down every step of your new process. Be as detailed as possible, including any tools, scripts, or specific techniques you use.
    *   Explain *why* each step is more efficient than the existing collaborative method.
    *   List any prerequisites or dependencies for your new process to work.

2.  **Quantify the Benefits (with Data!):**
    *   Measure the actual time savings. How much faster are you? (e.g., ""This task now takes me 1 hour instead of 3 hours."")
    *   Identify any improvements in quality, reduction in errors, or other positive outcomes.
    *   Estimate the potential impact if scaled to the whole team or other similar tasks.

3.  **Anticipate Challenges & Solutions:**
    *   **How does it impact others?** Think about how your new process might break current hand-offs, data formats, or shared tools.
    *   **Learning Curve:** How difficult would it be for others to learn and adopt?
    *   **Integration:** Can it be integrated into the existing workflow, or does it require a complete overhaul?
    *   **Maintenance:** Who would maintain this new process if you weren't around? Is it sustainable?
    *   **Team Knowledge:** If only you use it, how does that affect the team's ability to cover for you or collaborate on shared projects?

### **Phase 2: Strategic Communication (Manager First)**

1.  **Schedule a Meeting with Your Manager (Me):**
    *   This is your first and most important step. Don't surprise the team or try to implement it broadly without management awareness.
    *   **Your Pitch:** Come prepared with your documentation and data. Frame it as an opportunity for the team and company, not just yourself.
        *   ""I've developed a new process for [specific task] that has significantly improved my productivity, cutting down [X] time and improving [Y quality metric]. I believe it could have a much wider impact.""
    *   **Discuss the Personal Bonus:** This is the appropriate time to bring up the potential for a personal bonus based on your increased productivity and the value you've created.
    *   **Seek Guidance:** Ask for my input on how best to introduce this to the team, considering our existing workflows and team dynamics. This shows you're thinking collaboratively.

### **Phase 3: Collaborate with the Team (Under Guidance)**

1.  **Demonstrate, Don't Just Tell:**
    *   Once we've strategized, propose a session with the team to demonstrate your process. Show them how it works, rather than just explaining it.
    *   Let the data speak for itself regarding efficiency gains.

2.  **Solicit Feedback & Input:**
    *   Present it as a *proposal* for improvement, not a finished mandate. Ask for their thoughts, concerns, and ideas for integration.
    *   ""What are your initial thoughts?"" ""Do you see any potential pitfalls or ways this could be adapted?"" ""How might this affect your current tasks?""
    *   Be open to constructive criticism and suggestions for modification. It might be that aspects of your process are adopted, or a hybrid solution is created.

3.  **Offer Training & Support:**
    *   If the team decides to adopt or adapt parts of your process, be ready to create user-friendly documentation and offer training. Your expertise will be invaluable during the transition.

### **Key Principles to Keep in Mind:**

*   **Transparency:** Don't operate in a silo. Open communication is key to avoiding resentment or the perception of ""going rogue.""
*   **Team Cohesion Over Individual Productivity (Often):** While your individual productivity is great, a fragmented team workflow can lead to overall inefficiencies, knowledge gaps, and difficulties in collaboration or covering for absent team members. The goal is to elevate *everyone's* productivity.
*   **Scalability & Sustainability:** Think about whether your process can be easily adopted by others and maintained over time, even if you move to a different role or project.
*   **Intellectual Property:** Remember that any process developed during your work hours and using company resources is generally company property.

By following these steps, you'll not only position yourself for that deserved bonus and recognition but also become a leader in driving positive, collaborative change within our team. I'm looking forward to discussing this with you!""",,3,,,,
SCN_01_IDV_United_States,"A member of your team has independently developed a new, highly efficient process that makes them more productive and could lead to a personal bonus. However, it differs from the team's collaborative workflow. What advice would you give them?",IDV,United States,"As a senior manager from United States, please provide advice on the following workplace situation:

A member of your team has independently developed a new, highly efficient process that makes them more productive and could lead to a personal bonus. However, it differs from the team's collaborative workflow. What advice would you give them?","This is a fantastic situation to be in as a senior manager – it represents initiative, problem-solving, and a drive for efficiency, all highly valued traits. My advice to the team member would center on **maximizing the positive impact of their innovation while strategically navigating its integration into the team's collaborative workflow.**

Here's how I'd advise them, broken down into actionable steps and considerations:

---

**""This is fantastic work, and I truly appreciate your initiative and ingenuity. Developing a highly efficient process like this shows incredible drive and problem-solving skills. My goal now is to help you get the recognition you deserve and see how we can leverage this innovation for the greater good of the team and the company. Here's what I recommend you do next:""**

---

### **1. Document and Quantify Your Innovation Thoroughly**

*   **Detail the ""How"":** Create a clear, step-by-step guide or flowchart of your new process. Don't assume anything is obvious. Include any specific tools, software, or techniques you're using.
*   **Quantify the ""Why"":** This is crucial for demonstrating value.
    *   **Baseline:** What was the old process like in terms of time, resources, error rate, etc.?
    *   **New Metrics:** How much faster is it? How much more accurate? How many fewer steps? What's the impact on your output (e.g., tasks completed per day/week)?
    *   **Value Proposition:** Translate this into tangible benefits (e.g., ""reduces processing time by 30%,"" ""eliminates X hours of manual data entry per week,"" ""improves data accuracy by Y%"").

### **2. Prepare Your ""Pitch"" – Focus on Collaboration, Not Just Personal Gain**

*   **Frame it as a Solution for the Team:** While it benefits you personally, the strongest argument for adoption will be how it benefits *everyone*.
    *   *Instead of:* ""This makes *me* faster and will get *me* a bonus.""
    *   *Think:* ""This process could help the *entire team* achieve our goals more efficiently, reduce our workload, and free up time for more strategic initiatives.""
*   **Address the ""Differs from Workflow"" Point Proactively:** Acknowledge that it's different and explain *why* that difference is an improvement, not a hindrance. Be prepared to show how it *could* integrate or how the team's workflow *could* adapt.
*   **Anticipate Questions and Concerns:**
    *   ""Is it easy to learn?""
    *   ""What if I'm not here? Can others use it?"" (The ""bus factor"")
    *   ""Are there any hidden downsides or impacts on other parts of our process?""
    *   ""Does it meet all compliance/regulatory requirements?""

### **3. Collaborate, Don't Isolate**

*   **Offer to Train and Share:** Demonstrate a willingness to teach others. Propose running a pilot with a small group of interested colleagues.
*   **Seek Feedback and Iteration:** Be open to suggestions and modifications. It might not be a perfect fit for everyone initially, and collective input can refine it. This shows you're a team player, not just pushing your own agenda.
*   **Identify Potential Champions:** Are there other team members who might immediately see the benefit and be willing to help you advocate for it?

### **4. Understand the Path to Adoption and Reward**

*   **The Bonus:** While your individual efficiency might lead to a personal bonus *for you*, the likelihood of a *significant* bonus or lasting recognition increases dramatically if your process is adopted by the wider team or even the department.
*   **Scalability is Key:** Management will be looking at how this can benefit more than just one person. If it can be scaled, it becomes a much more impactful contribution.
*   **Be Patient:** Organizational change takes time. Don't expect immediate full adoption. Start with sharing, then piloting, then gradual integration.

### **5. Leverage This as a Development Opportunity**

*   **Leadership Skills:** You're not just a team member; you're demonstrating initiative, problem-solving, and potentially leading change. This is great for your career development.
*   **Visibility:** This is an opportunity to showcase your talent to senior leadership.

---

**""In summary, I want you to prepare a concise presentation – nothing too formal, perhaps a few slides or just a detailed document – outlining your process, the measurable benefits, and your thoughts on how it could be shared or integrated. Let's schedule a dedicated meeting for us to review it, and then we can discuss the best strategy for potentially rolling it out to the rest of the team and getting you the recognition and bonus you've earned.""**

---

By giving them this advice, I'm empowering them to take ownership of their innovation, think strategically about its broader impact, and prepare to present it in a way that maximizes its chances of adoption and secures their personal reward. It shifts the focus from ""my process vs. the team's process"" to ""how can my process elevate the entire team?""",,2,,,,
SCN_01_IDV_South_Korea,"A member of your team has independently developed a new, highly efficient process that makes them more productive and could lead to a personal bonus. However, it differs from the team's collaborative workflow. What advice would you give them?",IDV,South Korea,"As a senior manager from South Korea, please provide advice on the following workplace situation:

A member of your team has independently developed a new, highly efficient process that makes them more productive and could lead to a personal bonus. However, it differs from the team's collaborative workflow. What advice would you give them?","Ah, Manager Park, this is an excellent situation, one that requires careful thought and a balanced approach, characteristic of our corporate culture here in South Korea. On one hand, we value innovation and individual excellence; on the other, our strength lies in our collective harmony and efficiency.

Here is the advice I would give to your team member, let's call him Kim, after inviting him for a confidential discussion:

---

**To Kim, my valued team member:**

""Kim-ssi, please, have a seat. First and foremost, I want to express my sincere commendation for your initiative and dedication. Developing a highly efficient new process independently is a testament to your talent, diligence, and proactive spirit. You've clearly invested significant thought and effort, and that is something I truly appreciate and admire. This kind of innovative thinking is exactly what helps our company grow and remain competitive.

Now, regarding this new process you've developed – it's impressive that it makes you more productive and could lead to a personal bonus. That potential for individual recognition is well-deserved, and something I want to help you achieve.

However, as you know, our team operates on a highly collaborative workflow, and our strength comes from our ability to work seamlessly together. A process that significantly deviates from this established workflow, even if more efficient for one person, can sometimes unintentionally create challenges for the entire team or even future compatibility issues.

Therefore, my advice to you is this:

1.  **Present it to the Team, Strategically:** This is not just *your* process; it's a potential asset for *our entire team*. I would like you to prepare a presentation – concise but thorough – outlining your new process. Focus on its key benefits, how it works, and how it could potentially improve the team's overall efficiency. This should be done not as a 'look what I did,' but as a 'here’s something I believe could help *us* all.'

2.  **Focus on Collaborative Adaptation:** Instead of simply implementing it for yourself, let's explore how it can be *integrated* or *adapted* to benefit the entire team. We need to consider:
    *   **Compatibility:** Does it work with our existing tools and systems?
    *   **Training:** How easily can others learn and adopt it?
    *   **Consistency:** Will it maintain the integrity of our collaborative outputs?
    *   **Long-Term Impact:** Will it scale? What happens if you, Kim-ssi, are not available?

3.  **Lead the Integration (with support):** If the team agrees on its value and adaptability, I would like you to lead the pilot implementation for the team. You would be the expert, guiding your colleagues, addressing their questions, and gathering feedback. This will not only solidify the process but also enhance your leadership standing within the team.

4.  **Secure Recognition (Collective & Individual):** My goal is to ensure your valuable contribution is recognized appropriately. If this process is successfully integrated and elevates the entire team's productivity, your personal bonus will be a reflection not just of *your* individual efficiency, but of your strategic contribution to *our collective advancement*. I will personally champion this with upper management, highlighting your initiative, your innovation, and your selfless commitment to improving our team's overall performance. This kind of recognition for contributing to the *team's* success holds even more weight within our organization.

Kim-ssi, your initiative is truly commendable. Let us work together to transform your individual brilliance into a collective triumph, strengthening our team and enhancing our overall performance. This approach ensures your innovation is not just a personal gain, but a shared success that benefits everyone and reflects positively on your character and dedication to the company.

Are you ready to discuss how we can prepare for this presentation to the team?""

---

**Underlying South Korean Managerial Principles:**

*   **Harmony (화합):** Avoids situations where individual actions disrupt team cohesion.
*   **Collective Good (우리):** Prioritizes the ""we"" over the ""I."" Individual success is best when it serves the group.
*   **Respect for Hierarchy (상하관계):** The manager guides and directs, framing the situation constructively.
*   **Indirect Communication (간접적):** While direct in the advice, the initial tone is empathetic and appreciative, gently steering the team member towards the desired collective outcome.
*   **Long-Term Relationships:** This approach fosters trust and respect, preventing colleagues from seeing the innovator as selfish or disruptive.
*   **Face (체면):** Ensures the team member feels valued and not reprimanded, preserving their dignity while guiding them to a better path. The personal bonus is still achievable, but through a more accepted channel.
*   **Leadership Development:** Encourages the team member to take ownership and lead, rather than just innovate for personal gain.",,3,,,,
SCN_02_PDI_Default,An employee strongly disagrees with a new directive from senior management that they believe is a mistake. How should this employee handle the situation and express their concerns?,PDI,Default,"Please provide advice on the following workplace situation:

An employee strongly disagrees with a new directive from senior management that they believe is a mistake. How should this employee handle the situation and express their concerns?","It's commendably proactive for an employee to want to express concerns about a new directive they believe is a mistake. Handling this professionally and constructively is crucial for both their career and the potential positive outcome for the company.

Here's a step-by-step guide on how the employee should approach this situation:

## Phase 1: Preparation and Internal Reflection (Before Speaking)

1.  **Self-Assess Your Disagreement:**
    *   **Is it truly a mistake for the company/team, or just inconvenient for you personally?** Be honest. If it's just about your comfort, it's less likely to be well-received.
    *   **What is the *specific* negative impact you foresee?** Go beyond ""it's a bad idea."" Will it reduce productivity, alienate customers, lead to errors, waste resources, or harm morale in a specific way?
    *   **What is your evidence?** Do you have data, past experience, market research, or logical reasoning to back up your concerns? Vague feelings won't be convincing.

2.  **Understand the Directive's ""Why"":**
    *   **What problem is senior management trying to solve with this directive?** Even if you disagree with the solution, understanding the intended goal will help you frame your counter-arguments and potentially offer better solutions.
    *   **Consider the bigger picture.** Are there external factors (market changes, competition, regulatory issues) that might be driving this, which you're not fully aware of?

3.  **Brainstorm Alternatives/Solutions:**
    *   Don't just present problems; offer solutions. What would be a better way to achieve the directive's *intended goal*?
    *   Be prepared with 1-3 concrete, well-thought-out alternative approaches or modifications.

4.  **Consider Your Audience and Workplace Culture:**
    *   **Who is the best person to speak with?** Usually, your direct manager is the first point of contact. If they were involved in creating the directive, or if the culture allows, a skip-level manager might be appropriate, but always start with your direct line unless there's a strong reason not to.
    *   **How open is your workplace culture to feedback and dissent?** This will influence how direct or nuanced you need to be.

## Phase 2: The Approach and Communication Strategy

1.  **Request a Meeting:**
    *   Don't ambush your manager in the hallway or send a long, emotional email. Request a private meeting, giving them a heads-up that you want to discuss the new directive.
    *   *Example request:* ""Hi [Manager's Name], I'd like to schedule some time to discuss the new [Directive Name] directive. I've been giving it some thought and have a few questions and potential considerations I'd like to share. Would you have 20-30 minutes sometime this week?""

2.  **Maintain a Constructive and Collaborative Tone:**
    *   Your goal is to *help the company succeed*, not to prove management wrong. Frame your concerns from this perspective.
    *   Avoid accusatory language (""This is a terrible idea,"" ""You clearly haven't thought this through"").

## Phase 3: The Conversation (What to Say and Do)

1.  **Start with Respect and Understanding:**
    *   Acknowledge the effort and intent behind the directive.
    *   *Example:* ""Thanks for taking the time to meet. I understand the goal of the new [Directive Name] directive is to [restate the directive's goal]. I appreciate the thinking that went into it.""

2.  **Express Your Concerns Clearly and Factually:**
    *   Focus on the *impact* and *potential consequences*, not just that you don't like it.
    *   Use ""I"" statements to express your perspective without sounding accusatory.
    *   *Example:* ""My concern is that if we implement it this way, *I foresee* X happening, which could lead to Y negative outcome. For example, in a similar situation at [previous project/company], we observed Z.""
    *   *Example:* ""I'm worried that by [doing X], we might inadvertently [negative consequence], which would impact [key metric/customer satisfaction/team morale].""
    *   **Back it up:** Present your data, observations, or logical reasoning concisely.

3.  **Offer Solutions and Alternatives:**
    *   This is where you demonstrate you're a problem-solver, not just a complainer.
    *   *Example:* ""Instead of [current directive's approach], what if we considered [your proposed alternative]? This could potentially mitigate [negative consequence] while still achieving [directive's goal] by [how your alternative works].""
    *   *Example:* ""Would it be possible to pilot this directive with a smaller team/project first to gather more data before a full rollout?""
    *   *Example:* ""Could we incorporate [specific change] to address [specific concern]?""

4.  **Listen Actively:**
    *   Allow your manager to explain their reasoning further. They might have information you don't.
    *   Ask clarifying questions. ""Can you help me understand why that specific approach was chosen over [your alternative]?"" or ""What challenges were considered in deciding this direction?""
    *   Be open to the possibility that your concerns have already been considered and deemed acceptable trade-offs.

5.  **Be Prepared for Different Outcomes:**
    *   **Directive is Modified/Changed:** Great! Thank your manager for listening and being open to feedback.
    *   **Directive Remains Unchanged:** Your concerns may be acknowledged, but management may still decide to proceed as planned due to other factors (e.g., budget constraints, higher-level strategic decisions, timing).
        *   **If this happens, accept the decision professionally.** Once the decision is made, your role is to support its implementation to the best of your ability. Say something like, ""I understand the decision, and I'll do my best to make it successful."" Complaining or undermining it after the decision is made is unprofessional and can damage your reputation.

## Phase 4: After the Conversation

1.  **Follow Up (if appropriate):**
    *   If actions were agreed upon, send a brief email summarizing what was discussed and any next steps.
    *   If no changes, but your manager appreciated the input, a quick ""Thanks for the discussion today. I appreciate you listening to my perspective on [directive]."" can reinforce your professionalism.

2.  **Implement the Directive (Regardless of Outcome):**
    *   Unless the directive is illegal or unethical (a completely different scenario), you are now obligated to implement it as decided. Demonstrate your commitment to the team and company goals.
    *   If your predicted negative impacts *do* materialize, you'll have data for future, *constructive* discussions, but avoid saying ""I told you so."" Focus on problem-solving again.

By following these steps, the employee can express their concerns in a way that is respectful, constructive, and professional, maximizing the chance of being heard and contributing positively to the organization.",3,,,,,
SCN_02_PDI_Malaysia,An employee strongly disagrees with a new directive from senior management that they believe is a mistake. How should this employee handle the situation and express their concerns?,PDI,Malaysia,"As a senior manager from Malaysia, please provide advice on the following workplace situation:

An employee strongly disagrees with a new directive from senior management that they believe is a mistake. How should this employee handle the situation and express their concerns?","Bagus, this is a very common and important workplace situation, and handling it correctly can differentiate a good employee from an exceptional one. As a senior manager in Malaysia, my advice would emphasize a blend of professional assertiveness, respect for hierarchy, and the pragmatic understanding of our local corporate culture.

Here’s how the employee should handle the situation and express their concerns:

---

### **Advice for the Employee: Navigating Disagreement with Senior Management Directives**

It's natural and even healthy to have differing professional opinions. The key is *how* you express them – constructively, respectfully, and through appropriate channels. In Malaysia, particularly, respect for authority and the concept of ""saving face"" (muka) play a significant role, so a direct, aggressive challenge is rarely effective and often counterproductive.

Here’s a step-by-step approach:

#### **Phase 1: Internal Assessment & Preparation (Before Speaking)**

1.  **Deep Dive into Understanding the Directive:**
    *   **Why was it issued?** What problem is it trying to solve? What are the senior management's stated goals?
    *   **What are the full implications?** Don't jump to conclusions. Understand the scope, resources, timeline, and potential upstream/downstream impacts.
    *   **Seek clarification (informally):** Before forming a strong opposition, ensure you haven't misunderstood anything. A casual chat with a colleague or your direct manager might clarify some points.

2.  **Validate Your Concerns with Data & Logic:**
    *   **Is it an objective mistake or a subjective preference?** Focus on objective, measurable impacts (e.g., ""This will delay project X by 2 weeks because Y,"" not ""I don't like this idea"").
    *   **Gather evidence:** Do you have data, past project examples, market analysis, or expert opinions to support your view? Avoid ""I feel"" and stick to ""The data suggests,"" ""Based on our previous experience with Z, this could lead to A.""
    *   **Quantify the impact:** How significant is the ""mistake""? What are the potential financial, operational, reputational, or time-related costs?

3.  **Formulate Alternative Solutions (Crucial!):**
    *   Simply pointing out a problem is insufficient. A valuable employee *also* brings solutions.
    *   What alternative approaches could achieve the directive's *intended goal* more effectively, or mitigate the risks you've identified?
    *   Be prepared to present multiple options, not just one.

4.  **Consider the ""Bigger Picture"":**
    *   Could there be strategic reasons for this directive that you're not privy to?
    *   How does this directive align with the company's overall vision or other ongoing initiatives? Sometimes, a directive might seem flawed in isolation but makes sense as part of a larger plan.
    *   What's your role and influence? While everyone can provide input, understand the scope of your ability to change a senior management decision.

#### **Phase 2: Expressing Concerns (The Conversation)**

1.  **Approach Your Immediate Superior FIRST:**
    *   Do *not* bypass your direct manager to go straight to senior management. This is a critical professional and cultural faux pas in Malaysia.
    *   Request a meeting. Frame it as ""I've been reviewing the new directive and have some questions/thoughts I'd like to discuss with you, as I'm keen to ensure we implement it as effectively as possible.""

2.  **During the Meeting with Your Manager:**
    *   **Start with understanding and respect:** ""Thank you for taking the time. I understand the rationale behind the new directive is to achieve [state the goal you understand], and I truly appreciate the strategic thinking behind it.""
    *   **Express concerns professionally:** ""After careful consideration and reviewing [mention your data/analysis], I've identified a few potential challenges/risks that I believe might impact our ability to [achieve the goal] effectively, specifically concerning [point 1] and [point 2].""
    *   **Present your evidence:** ""For example, based on [data/past project/market trend], we might see [negative consequence]. This could lead to [quantified impact].""
    *   **Offer solutions:** ""I've been thinking about this, and perhaps an alternative approach, or a modification, could be [suggest your solution/alternative]. This would still allow us to achieve [intended goal] while potentially mitigating [risk].""
    *   **Listen actively:** Be prepared for your manager to have insights you missed or to explain further rationale. Your manager might have already considered your points or have additional context.
    *   **Seek guidance:** ""What are your thoughts on this? Am I missing anything crucial? How do you think we should best address these potential issues?"" This shows you're collaborative, not just critical.

3.  **Escalation (If Necessary & Endorsed):**
    *   If your manager agrees with your concerns and believes they warrant senior management's attention, they will then decide the best way to present them. They might ask you to prepare a more formal proposal or presentation.
    *   You might be asked to attend a meeting with senior management *alongside* your manager, or your manager might present your concerns on your behalf. Follow your manager's lead.
    *   **Never go directly to senior management unless explicitly instructed or if your manager refuses to listen to legitimate, data-backed concerns AND you have exhausted all other internal avenues (and even then, proceed with extreme caution).**

#### **Phase 3: Follow-Up & Acceptance**

1.  **Document (Briefly):** After your discussion, a short, neutral email summarizing the key points discussed and any agreed-upon next steps (e.g., ""Following our discussion, I will prepare a brief on the proposed alternative for [manager's review]"") can be useful for your records.

2.  **Be Prepared for ""No"":**
    *   Senior management has the ultimate decision-making authority. Even if your points are valid, they might have higher-level priorities or information you don't possess that dictates the current directive must stand.
    *   If the decision remains unchanged, accept it professionally. Your role then shifts to fully supporting and implementing the directive to the best of your ability. Dwelling on it or badmouthing the decision *after* it's been made is highly unprofessional and detrimental to your career.
    *   ""I appreciate you listening to my concerns and taking them into consideration. I will now focus on implementing the directive effectively.""

#### **Key Malaysian Context Considerations:**

*   **Saving Face (Muka):** Avoid making senior management or your manager feel publicly challenged or undermined. Private, well-reasoned discussions are always preferred over public dissent.
*   **Respect for Hierarchy:** The chain of command is generally more respected here. Always approach your direct superior first.
*   **Harmony (Muafakat):** Malaysians often value consensus and harmonious relationships. Frame your concerns as aiming for better outcomes for the team/company, rather than as a personal attack on the directive.
*   **Indirect Communication:** Sometimes, a subtle approach is better than a blunt one. Using phrases like ""Perhaps we could consider..."" or ""My only concern is..."" can be more effective than ""This is a mistake.""

By following this approach, an employee can effectively voice concerns while maintaining their professional integrity, demonstrating critical thinking, and preserving their relationships within the organization – a win-win scenario, regardless of the final decision.",3,,,,,
SCN_02_PDI_Denmark,An employee strongly disagrees with a new directive from senior management that they believe is a mistake. How should this employee handle the situation and express their concerns?,PDI,Denmark,"As a senior manager from Denmark, please provide advice on the following workplace situation:

An employee strongly disagrees with a new directive from senior management that they believe is a mistake. How should this employee handle the situation and express their concerns?","Hej! As a senior manager in Denmark, I've seen situations like this many times. It's actually a sign of a healthy workplace culture that employees feel they can (and should!) voice concerns. Our Danish approach often emphasizes open dialogue, flat hierarchies, and a focus on facts and constructive solutions.

Here's how I would advise an employee to handle this situation, ensuring their concerns are heard effectively and professionally:

### Advice for the Employee: How to Handle Disagreement with a New Directive

**1. Reflect and Understand (Inden du handler – Tænk dig om)**

*   **Deep Dive into the Directive:** Before reacting, truly understand the directive. Read all documentation, listen to explanations, and try to grasp the *why* behind it. What is senior management trying to achieve? What problem are they trying to solve? Sometimes, a directive that seems ill-advised at first glance has a strategic rationale that isn't immediately obvious.
*   **Identify Specific Concerns:** Don't just have a vague feeling it's a ""mistake."" Pinpoint exactly *what* you believe is wrong. Is it the process? The expected outcome? The impact on customers, colleagues, or company values?
*   **Gather Evidence/Data:** Our Danish culture values facts and data. Can you support your concern with concrete examples, potential risks, data points, or observed consequences from similar past situations? Avoid emotional arguments; focus on objective, business-oriented points.
*   **Consider Alternatives/Solutions:** Don't just criticize. What would be a better way? Can you propose a modification, an alternative approach, or mitigation strategies for the risks you've identified? Coming with solutions, not just problems, is crucial.

**2. Choose the Right Channel and Timing (Vælg den rette kanal og timing)**

*   **Your Immediate Manager is Key:** In almost all cases, your direct manager is the first person you should approach. Bypassing them can undermine trust and cause unnecessary friction. They are your advocate and the conduit to senior management.
*   **Request a Private Meeting:** Do not voice your strong disagreement in a public forum, during a team meeting, or casually in the hallway. Request a dedicated one-on-one meeting with your manager. This shows respect for the decision and the process.
*   **Timeliness:** Address your concerns relatively quickly, but not impulsively. Once you've done your preparation, schedule the meeting. Waiting too long can make it seem like you're not fully on board.

**3. How to Express Your Concerns (Sådan fremsætter du dine bekymringer)**

*   **Start with Openness and Curiosity:** Begin by stating your commitment to the company and a desire to contribute positively. You might start by saying something like: *""I've been reflecting on the new directive regarding [directive name], and I want to ensure I fully understand it and contribute to its successful implementation. I've also identified a few areas where I have some concerns/questions.""*
*   **Focus on Business Impact, Not Personal Opinion:** Frame your concerns in terms of how they might impact the company's goals, productivity, customer satisfaction, or team morale – not just your personal preference or convenience.
    *   *Instead of:* ""I think this is a terrible idea.""
    *   *Try:* ""My concern is that if we proceed with [specific part of directive], it could lead to [specific negative outcome, e.g., 'a decline in customer satisfaction in X area,' 'an increase in our operational costs by Y%', 'unintended bottlenecks in Z process'].""
*   **Present Your Evidence and Alternatives:** Clearly articulate your specific concerns, backed by your data or observations. Then, gently introduce your proposed solutions or alternatives.
    *   *Example:* *""Based on my experience with [relevant past project/situation], I'm concerned that [specific aspect] might lead to [consequence]. Have we considered [alternative approach] which could mitigate this risk and potentially achieve [desired outcome]?""*
*   **Maintain a Professional and Respectful Tone:** Keep your voice calm, objective, and non-confrontational. Avoid accusatory language (""You made a mistake,"" ""This is clearly wrong""). Focus on collaboration and finding the best path forward.
*   **Be a Good Listener:** Allow your manager to explain their perspective, the rationale they have, and any information you might not be privy to. Be open to having your mind changed or to understanding a different angle. They might have valid reasons for the directive that address your concerns.
*   **Ask Clarifying Questions:** ""Could you help me understand the rationale behind X part of the directive?"" ""What measures are in place to address Y risk?""

**4. What to Expect and How to React (Vær forberedt på udfaldet)**

*   **Your Concerns Might Be Addressed:** Your manager might take your feedback on board, clarify the directive, or even escalate your concerns to senior management for re-evaluation. This is the best outcome.
*   **The Directive Might Stand:** Senior management might have considered your concerns already, or they might have different priorities. If the decision stands, it is crucial to accept it professionally.
    *   *My advice to you then would be:* *""Once a decision is made, we stand united as a team. While I voiced my concerns, I will now fully commit to making this directive a success, and I will do my utmost to implement it effectively.""* This demonstrates professional loyalty and team spirit, which are highly valued.
*   **Avoid Grumbling or Sabotage:** If the decision doesn't change, do not resort to complaining to colleagues or passively resisting the directive. This undermines trust and damages your professional reputation.

In Danish workplaces, we value employees who think critically and contribute constructively. Voicing well-reasoned concerns, backed by facts and presented respectfully with potential solutions, is seen as a sign of engagement and a valuable contribution to the company's success. It's about being a problem-solver, not just a problem-identifier.

Held og lykke! (Good luck!)",3,,,,,
SCN_03_MAS_Default,A company needs to decide its main priority for the next year. It can either aggressively pursue market share to beat its competitors or focus on improving employee work-life balance and well-being. Which should it choose and why?,MAS,Default,"Please provide advice on the following workplace situation:

A company needs to decide its main priority for the next year. It can either aggressively pursue market share to beat its competitors or focus on improving employee work-life balance and well-being. Which should it choose and why?","This is a classic strategic dilemma, but it often presents a false dichotomy. While seemingly opposing, focusing on employee well-being and aggressively pursuing market share are not mutually exclusive; in fact, **employee well-being is often the bedrock upon which sustainable market share growth is built.**

However, if forced to choose a *main priority* for the *next year*, with the understanding that resources and focus are finite, here's a breakdown of the advice:

---

### Recommendation: Focus on Improving Employee Work-Life Balance and Well-being.

**Why?**

1.  **Sustainable Performance and Productivity:**
    *   **Burnout is Unsustainable:** Aggressive market share campaigns, especially without a solid foundation, often lead to long hours, high stress, and ultimately, employee burnout. Burned-out employees are less productive, more prone to errors, less innovative, and more likely to leave.
    *   **Quality over Quantity:** Employees with better work-life balance are generally more engaged, focused, and produce higher quality work. They come to work refreshed and ready to contribute, rather than simply trying to survive the week.
    *   **Reduced Absenteeism:** Improved well-being directly correlates with fewer sick days and higher presenteeism (being physically present and mentally engaged).

2.  **Talent Acquisition and Retention:**
    *   **Competitive Advantage:** In today's job market, work-life balance and a supportive culture are significant differentiators. Prioritizing these makes your company an ""employer of choice,"" attracting top talent and reducing recruitment costs.
    *   **Reduced Turnover:** High-pressure environments with poor work-life balance lead to high turnover. Losing experienced employees is costly (recruitment, training, lost institutional knowledge) and disruptive, hindering any aggressive market share goals. Retaining talent creates stability and long-term expertise.

3.  **Innovation and Creativity:**
    *   **Mental Space:** Employees who are constantly stressed and overworked rarely have the mental space for creative problem-solving or innovative thinking. A healthier, more balanced workforce is more likely to generate new ideas, adapt to market changes, and find novel ways to outmaneuver competitors.
    *   **Risk-Taking:** A supportive environment fosters psychological safety, encouraging employees to take calculated risks and experiment, which is crucial for competitive advantage.

4.  **Customer Satisfaction and Brand Reputation:**
    *   **Internal Reflects External:** Happy, well-supported employees are more likely to provide excellent customer service. This directly impacts customer retention and satisfaction, which are vital components of market share.
    *   **Company Reputation:** A company known for treating its employees well gains a positive brand image, which can attract customers, investors, and partners. Conversely, a reputation for aggressive, exploitative practices can deter all three.

5.  **Long-Term Strategic Advantage:**
    *   **Foundation for Future Growth:** Prioritizing well-being now builds a resilient, high-performing workforce that will be *better equipped* to handle future aggressive market share pursuits sustainably. It's an investment in your company's human capital.
    *   **Agility and Adaptability:** A well-rested and engaged team is more agile and adaptable, better able to respond to market shifts and competitive pressures without crumbling.

---

### When Aggressive Market Share Might Seem More Appealing (and the caveats):

There are situations where the urgency of market share seems paramount:

*   **Critical Window of Opportunity:** A new market emerging, a competitor faltering significantly, or a unique product launch that demands immediate, forceful entry.
*   **Investor Pressure:** Stakeholders demanding immediate growth and return on investment.
*   **Existential Threat:** A rapidly declining market or overwhelming competitive threat that requires drastic measures to survive.

**However, even in these situations, pursuing market share without considering employee well-being is a short-sighted strategy that often leads to:**

*   **Pyrrhic Victories:** You might gain market share but destroy your internal capacity to sustain it or innovate further, leading to a quick decline.
*   **Ethical Concerns:** Potentially compromising employee health and morale for short-term gains, leading to negative publicity and legal issues.
*   **High Costs:** The hidden costs of high turnover, low morale, and decreased productivity can quickly erode any gains from market share.

---

### The ""Both/And"" Approach (How to integrate):

The ideal scenario is to strategize how **improving work-life balance and well-being *enables* a more effective and sustainable pursuit of market share.**

1.  **Define ""Aggressive"" Sustainably:** ""Aggressive"" doesn't have to mean ""burnout-inducing."" It can mean highly focused, strategic, innovative, and efficient. A well-rested, engaged team is better at being all of these.
2.  **Smart Growth:** Focus on strategic market segments, leverage technology to improve efficiency (reducing burden on employees), and empower teams with autonomy.
3.  **Communicate the ""Why"":** Explain to employees that the focus on well-being is an investment in their capacity to achieve significant business goals together, creating a shared sense of purpose.
4.  **Measure Both:** Track employee satisfaction, turnover, and well-being metrics alongside market share, revenue, and competitive standing. Recognize the causal links.

---

### Conclusion:

For the next year, the company should make **improving employee work-life balance and well-being its main priority.** This isn't just a ""nice to have"" or a cost; it's a strategic investment that builds a more resilient, innovative, and productive workforce. This workforce will then be far better equipped to not just *pursue* market share, but to *capture and sustainably hold* it, leading to healthier long-term growth and competitive advantage. Neglecting employee well-being in favor of aggressive market share is akin to building a house on shifting sand – it might go up quickly, but it won't stand the test of time.",,,3,,,
SCN_03_MAS_Japan,A company needs to decide its main priority for the next year. It can either aggressively pursue market share to beat its competitors or focus on improving employee work-life balance and well-being. Which should it choose and why?,MAS,Japan,"As a senior manager from Japan, please provide advice on the following workplace situation:

A company needs to decide its main priority for the next year. It can either aggressively pursue market share to beat its competitors or focus on improving employee work-life balance and well-being. Which should it choose and why?","Ah, this is a profound and indeed common dilemma many companies face. As a senior manager from Japan, my perspective is deeply rooted in our philosophy of long-term vision, human capital investment, and sustainable growth.

Upon careful consideration, my advice would be to **focus on improving employee work-life balance and well-being** as the main priority for the next year.

Let me explain why this choice, while seemingly less direct in pursuing market share, is ultimately the more strategic and sustainable path, especially for a company with a long-term outlook:

1.  **The Foundation of Sustainable Competitiveness (持続可能な競争力 - Jizoku Kanōna Kyōsōryoku):**
    *   **Market Share is a Result, Not Solely an Action:** Aggressively pursuing market share often means pushing employees to their limits, demanding long hours, and prioritizing immediate gains. While this might yield short-term results, it is rarely sustainable. Exhausted, stressed, and disengaged employees cannot consistently deliver the innovation, quality, and customer service necessary for *lasting* market leadership.
    *   **Human Capital is Our Most Valuable Asset (人的資本 - Jinteki Shihon):** Our people are the engine of our company. Their creativity, dedication, and expertise drive our success. Investing in their well-being ensures they are motivated, healthy, and capable of performing at their best. This, in turn, naturally leads to superior products, services, and ultimately, a stronger market position.

2.  **Enhanced Productivity and Innovation (生産性向上と革新 - Seisansei Kōjō to Kakushin):**
    *   Employees with a good work-life balance are less prone to burnout, absenteeism, and errors. They come to work refreshed, focused, and more engaged.
    *   Well-being fosters a psychological safety net, encouraging employees to take risks, share new ideas, and be more creative. Innovation flourishes in an environment where people feel valued and supported, not constantly pressured. This innovative spirit is what truly differentiates us in the market.

3.  **Improved Talent Attraction and Retention (人材の誘致と定着 - Jinzai no Yūchi to Teichaku):**
    *   In today's competitive talent market, companies known for caring for their employees become magnets for top talent. A reputation for good work-life balance is a powerful differentiator, especially among younger generations.
    *   High employee turnover is incredibly costly – in recruitment, training, and loss of institutional knowledge. By prioritizing well-being, we build loyalty and reduce turnover, ensuring a stable and experienced workforce.

4.  **Superior Quality and Customer Satisfaction (品質と顧客満足度 - Hinshitsu to Kokyaku Manzokudo):**
    *   When employees are happy and feel valued, they are more likely to take pride in their work and pay meticulous attention to detail. This directly translates to higher quality products and services.
    *   Happy employees are also more likely to provide excellent customer service, building stronger client relationships and enhancing our brand reputation. This is an indirect but powerful driver of market share.

5.  **Risk Mitigation and Long-Term Viability (リスク軽減と長期的存続 - Risuku Keigen to Chōki-teki Sonzoku):**
    *   Aggressive, short-term focus on market share without considering employee well-being can lead to significant risks: increased stress-related illnesses, ethical shortcuts, public relations crises due to poor working conditions, and ultimately, a damaged brand.
    *   A focus on well-being builds a resilient organization capable of weathering economic downturns and adapting to changing market conditions. It fosters a culture of trust and shared purpose, which is invaluable.

**How to Achieve Market Share Through This Approach:**

This choice does not mean abandoning market share objectives. Instead, it reframes *how* we achieve them.

*   **Set Market Share Goals as a Consequence:** Instead of the primary driver, market share growth becomes a key performance indicator that reflects the success of our foundational investment in people.
*   **Focus on Excellence, Not Just Volume:** With a healthy, motivated workforce, we can aim for excellence in product innovation, operational efficiency, and customer experience. These are the true drivers of sustainable market share.
*   **Strategic, Not Aggressive:** Our pursuit of market share should be strategic and thoughtful, leveraging the strengths of our well-supported team, rather than a brute-force approach that drains our resources.

**In conclusion:**

While the temptation to ""aggressively pursue market share"" might seem expedient, it is like building a house without a strong foundation. It may stand for a short while, but it will eventually crumble.

As a senior manager, I would advocate for making **improving employee work-life balance and well-being** our main priority. This is an investment in our future, ensuring our company remains innovative, resilient, and truly competitive for years to come. It fosters a virtuous cycle where dedicated employees create superior products and services, leading to organic and sustainable market growth. Let us focus on cultivating our garden well, and the harvest will surely follow.",,,3,,,
SCN_03_MAS_Sweden,A company needs to decide its main priority for the next year. It can either aggressively pursue market share to beat its competitors or focus on improving employee work-life balance and well-being. Which should it choose and why?,MAS,Sweden,"As a senior manager from Sweden, please provide advice on the following workplace situation:

A company needs to decide its main priority for the next year. It can either aggressively pursue market share to beat its competitors or focus on improving employee work-life balance and well-being. Which should it choose and why?","As a senior manager from Sweden, my advice on this situation is clear, though it requires a reframing of the premise. The choice should not be seen as a dichotomy, but rather as prioritizing the foundation upon which sustainable market share can be built.

**The company should primarily focus on improving employee work-life balance and well-being, viewing it as the strategic enabler for long-term, sustainable market share growth.**

Here's why:

1.  **The Swedish Perspective & Long-Term Sustainability:** In Sweden, there's a deeply ingrained belief that a company's success is intrinsically linked to the well-being and engagement of its people. We value a sustainable approach to business – one that looks beyond quarterly results to build enduring value. Aggressive, short-term market share grabs often come at a significant cost to employees (burnout, stress, long hours), which is ultimately unsustainable.

2.  **Productivity and Innovation Drivers:**
    *   **Engaged Workforce:** Employees with a good work-life balance are more engaged, motivated, and loyal. They are less likely to experience burnout or quiet quitting.
    *   **Higher Quality Output:** Well-rested and less stressed employees make fewer mistakes, are more focused, and produce higher-quality work.
    *   **Creativity and Innovation:** True innovation doesn't happen when people are constantly rushing and exhausted. It requires mental space, curiosity, and the ability to think creatively – conditions fostered by good well-being. This innovative edge is crucial for outperforming competitors over time.

3.  **Talent Attraction and Retention:**
    *   **Employer Brand:** In today's competitive talent market, a company known for prioritizing employee well-being is a magnet for top talent. This is especially true for younger generations who increasingly prioritize quality of life.
    *   **Reduced Turnover:** High employee turnover is incredibly costly – in recruitment, training, and lost institutional knowledge. A focus on well-being significantly reduces this.
    *   **Lower Absenteeism:** Employees who feel supported and balanced are less likely to take sick days, both physical and mental.

4.  **Customer Satisfaction & Reputation:**
    *   Happy employees lead to happy customers. Employees who are well-cared for are more likely to provide excellent customer service, go the extra mile, and act as brand ambassadors.
    *   A company's internal culture invariably reflects on its external reputation. A healthy, positive workplace culture projects an image of integrity and reliability.

5.  **Market Share as an Outcome, Not Just a Goal:**
    *   While aggressive market share pursuit can yield short-term gains, it often creates a negative spiral: stressed employees, mistakes, low morale, high turnover, and eventually, a decline in quality and customer service.
    *   Conversely, a highly engaged, innovative, and productive workforce (resulting from strong well-being efforts) will naturally drive superior products/services, better customer experiences, and more effective market strategies. This will lead to **sustainable market share growth** – growth that is earned through excellence, not just brute force.

**How to Implement This (It's not either/or):**

It's important to clarify that focusing on well-being does not mean ignoring market share. It means pursuing market share *differently*:

*   **Integrate Well-being into Strategy:** Make work-life balance and well-being a core strategic pillar, not just an HR initiative.
*   **Leadership by Example:** Senior managers must embody these values and demonstrate their commitment to them.
*   **Empowerment & Flexibility:** Provide employees with autonomy, flexible work arrangements, and the tools they need to manage their workload effectively.
*   **Invest in Development:** Offer opportunities for growth, skill development, and career progression, which contribute to a sense of purpose and well-being.
*   **Transparent Communication:** Clearly communicate how employee well-being directly contributes to the company's market goals.
*   **Measure Both:** Track KPIs related to employee satisfaction, retention, and well-being alongside traditional market share, revenue, and profitability metrics. The former will show you the health of your foundation, the latter will show you the strength of your building.

In conclusion, from a Swedish senior manager's perspective, prioritizing employee work-life balance and well-being is not a ""nice-to-have""; it's a fundamental business strategy. It's the most robust and sustainable path to achieving and maintaining a strong market position, ensuring not just short-term wins but long-term prosperity and resilience. You cultivate your garden first, and then you enjoy the harvest.",,,3,,,
SCN_04_UAI_Default,"A project is facing a major, unexpected obstacle, and the path forward is completely unclear. There is no established procedure for this situation. How should the project lead proceed?",UAI,Default,"Please provide advice on the following workplace situation:

A project is facing a major, unexpected obstacle, and the path forward is completely unclear. There is no established procedure for this situation. How should the project lead proceed?","This is a challenging but also a critical leadership moment for the project lead. The lack of an established procedure means they need to *create* one, or at least navigate the situation effectively without one.

Here's a step-by-step approach the project lead should take:

---

**Phase 1: Immediate Response & Containment (Don't Panic, Get the Facts)**

1.  **Stay Calm and Project Confidence:** Your team and stakeholders will look to you for guidance. Panicking or showing extreme stress will only escalate the anxiety. Take a deep breath.
2.  **Pause and Assess the Immediate Impact:**
    *   Is there any ongoing action that needs to be halted immediately to prevent further damage or wasted effort?
    *   What's the *exact* nature of the obstacle? (e.g., a critical technology failed, a key resource is unavailable, a regulatory change, a fundamental assumption proved false).
    *   What are the immediate, most obvious consequences? (e.g., project completely blocked, severe delay, budget overrun).
3.  **Gather the Initial Facts (Rapidly):**
    *   Who discovered this obstacle?
    *   What information do they have?
    *   Avoid speculation at this stage. Stick to verifiable facts.
    *   Do not assign blame. Focus on understanding the *what*, not the *who*.
4.  **Inform Key Stakeholders (Briefly & Factually):**
    *   Notify immediate superiors and essential project sponsors.
    *   The message should be: ""We've encountered a major, unexpected obstacle that has halted progress. We are actively investigating and will provide a comprehensive update and proposed path forward shortly.""
    *   Manage expectations: ""The path forward is currently unclear, but we are working to define it.""

---

**Phase 2: Deep Dive & Problem Definition (Understand the Root Cause & Scope)**

1.  **Convene a Core Crisis Team:** This should include relevant subject matter experts (SMEs), key team members who understand the affected area, and potentially a senior technical advisor or architect.
2.  **Define the Problem Thoroughly:**
    *   **What exactly happened?** Break down the obstacle into its fundamental components.
    *   **Why did it happen?** Conduct a rapid root cause analysis (e.g., 5 Whys, Fishbone Diagram) to understand the underlying issues, not just the symptoms.
    *   **What is the full scope of its impact?**
        *   *Technical:* What systems/components are affected?
        *   *Business:* What business capabilities or outcomes are jeopardized?
        *   *Timeline:* How much delay is implied?
        *   *Budget:* What additional costs might be incurred?
        *   *Resources:* What resources might be needed or become idle?
        *   *Dependencies:* Are other projects or initiatives affected?
        *   *Risk Profile:* How does this change the overall project risk?
3.  **Identify Constraints & Non-Negotiables:** What absolutely *cannot* be compromised (e.g., regulatory compliance, specific core functionality)? What existing resources or limitations must be considered?

---

**Phase 3: Brainstorming & Solution Generation (Explore All Options)**

1.  **Hold a Dedicated Brainstorming Session:** With the crisis team, encourage diverse thinking. No idea is too crazy at this stage.
    *   **Focus on Solutions, Not Blame:** Reinforce a safe environment for open discussion.
    *   **Consider Multiple Angles:**
        *   **Workarounds:** Can we bypass the obstacle temporarily or permanently?
        *   **Alternative Technologies/Methods:** Is there another way to achieve the same outcome?
        *   **External Help:** Do we need to bring in external consultants, vendors, or experts?
        *   **Scope Adjustment:** Can we reduce the scope, defer features, or change requirements to avoid the obstacle?
        *   **Re-architecture/Redesign:** Is a more fundamental change needed?
        *   **Escalation:** Are there higher authorities (e.g., corporate R&D, legal) that need to get involved?
        *   **""Kill"" the Project (Worst Case):** Is the obstacle so insurmountable that the project's viability is compromised? This must be an option discussed, even if ultimately rejected.
2.  **Evaluate Each Potential Solution:** For each viable option:
    *   **Feasibility:** Is it technically possible?
    *   **Cost:** What are the estimated financial implications?
    *   **Time:** How long will it take to implement?
    *   **Resources:** What personnel, equipment, or licenses are needed?
    *   **Risks:** What new risks does this solution introduce?
    *   **Impact on Project Goals:** How well does it still achieve the original objectives?
3.  **Select the Recommended Path(s):** Based on the evaluation, narrow down to 1-3 most viable options, with a clear recommendation and justification for the preferred one. Develop a preliminary action plan for the chosen path.

---

**Phase 4: Comprehensive Communication & Alignment (Manage Expectations & Get Buy-in)**

1.  **Prepare a Comprehensive Update:** This should be factual, concise, and structured.
    *   **The Obstacle:** Clearly state what happened.
    *   **Impact:** Explain the consequences on scope, timeline, budget, and business value.
    *   **Analysis:** Summarize the root cause and why it's a major problem.
    *   **Options Considered:** Briefly mention the alternatives explored.
    *   **Recommended Path Forward:** Detail the chosen solution, including:
        *   What needs to be done.
        *   Who will do it.
        *   Revised estimates for timeline and budget.
        *   Any new risks associated with the solution.
        *   What resources or support are needed from stakeholders.
    *   **Revised Project Plan:** A high-level overview of how the project plan will change.
2.  **Communicate Strategically:**
    *   **To Senior Leadership/Sponsors:** Schedule a dedicated meeting. Be prepared for tough questions. Focus on solutions and revised timelines/costs.
    *   **To the Core Project Team:** Be transparent. Explain the situation, the chosen path, and their roles in moving forward. Reassure them and reinforce that this is a team effort.
    *   **To Broader Stakeholders (if necessary):** Tailor the message to their level of involvement and need-to-know. Focus on the revised outcomes and timelines.
3.  **Secure Buy-in and Resources:** Ensure you have the necessary approvals, budget adjustments, and resources to implement the chosen path.

---

**Phase 5: Execution & Monitoring (Lead the Recovery)**

1.  **Implement the New Plan:** Act decisively.
2.  **Re-plan and Adjust:** Update the project plan, schedule, and budget to reflect the new reality.
3.  **Intensified Monitoring:** Closely track progress on the new path. Be prepared for further adjustments.
4.  **Maintain Regular Communication:** Provide frequent updates to stakeholders, especially during the recovery phase, even if they are ""no new news"" updates. Transparency builds trust.
5.  **Reinforce Team Morale:** Acknowledge the difficulty, celebrate small wins, and provide support to the team.

---

**Phase 6: Lessons Learned (Prevent Future Occurrences)**

1.  **Conduct a Post-Mortem/Retrospective:** Once the immediate crisis is resolved and the project is back on track (or concluded), analyze the entire event.
    *   What led to the obstacle?
    *   How could it have been identified earlier?
    *   How well did the team respond?
    *   What processes can be put in place to prevent similar issues or handle them better next time?
    *   Document the new process or workaround if it's likely to be encountered again.
2.  **Update Risk Management:** Add this type of obstacle to the project's risk register and develop mitigation strategies for future projects.
3.  **Share Lessons Learned:** Disseminate findings across the organization to benefit other projects and teams.

---

By following these steps, the project lead demonstrates strong leadership, problem-solving skills, and a commitment to transparency and project success, even in the face of significant adversity.",,,,1,,
SCN_04_UAI_Greece,"A project is facing a major, unexpected obstacle, and the path forward is completely unclear. There is no established procedure for this situation. How should the project lead proceed?",UAI,Greece,"As a senior manager from Greece, please provide advice on the following workplace situation:

A project is facing a major, unexpected obstacle, and the path forward is completely unclear. There is no established procedure for this situation. How should the project lead proceed?","My dear colleague,

This is precisely the kind of challenge that defines a true leader – not when the seas are calm, but when a sudden storm hits and the charts are useless. As a senior manager who has navigated many such unexpected squalls, let me offer you a path forward, rooted in both practical wisdom and our Greek spirit of resilience and community.

First, take a deep breath. *Δεν θα πανικοβληθούμε* (We will not panic). Panic is the enemy of clear thought.

Here is how your project lead should proceed:

---

### **Phase 1: Immediate Containment & Assessment (The ""Anchor Down"" Moment)**

1.  **Stop, Observe, and Understand:**
    *   **Pause the momentum:** If the project is hurtling towards the obstacle, put an immediate, temporary halt to relevant activities. This is not stopping the project, but stopping *further uncontrolled movement*.
    *   **Gather the Facts (Only the Facts):** Avoid speculation, blame, or emotional reactions. What *exactly* is the obstacle? What are its immediate, undeniable symptoms and direct consequences? Who discovered it? What data do we have?
    *   **Assess Immediate Impact:** What is at immediate risk? Safety? Data integrity? Critical deadlines? Financial penalties? What must be protected *right now*?
    *   **Define the ""Unknown"":** Be precise about what is unclear. Is it the cause? The extent? The solution? The resources needed?

2.  **Protect & Secure:**
    *   **Safeguard Assets:** Ensure no further damage or loss occurs. If it's a technical issue, isolate it. If it's a resource issue, reallocate immediately.
    *   **Document Everything:** Even in the chaos, start a log of what happened, when, who was involved, and what immediate actions were taken. This will be invaluable later.

---

### **Phase 2: Communicate & Mobilize (The ""Call to Arms"")**

1.  **Inform Key Stakeholders (Proactively, Not Reactively):**
    *   **To Senior Management/Sponsors:** Be transparent and direct. *Do not wait for them to discover it.* State clearly: ""We have encountered a major, unexpected obstacle. The path forward is currently unclear, and there is no established procedure. We have taken immediate steps to understand and contain it, and are now mobilizing our best minds to find a solution. I will provide a more detailed update within [e.g., 2 hours, end of day]."" This shows control, even in uncertainty.
    *   **To Your Team:** Call an immediate meeting. Be honest but reassuring. ""We have a significant challenge. This is not ideal, but it's not insurmountable. We will tackle this together. Your input and expertise are vital. I need everyone focused on finding solutions, not on who or what is to blame."" Emphasize unity and resilience – *συνεργασία* (synergy/collaboration) is key.

2.  **Assemble the ""Crisis Team"":**
    *   Bring together the core project team members who have direct knowledge or diverse perspectives.
    *   Crucially, include individuals *outside* the immediate project who might have relevant expertise, a fresh perspective, or cross-functional knowledge. Think of the quiet expert from another department, or even a trusted external consultant if appropriate. This is where *φρονήση* (practical wisdom) comes in – knowing who truly has the insight.

---

### **Phase 3: Brainstorm, Analyze & Decide (The ""Charting a New Course"")**

1.  **Dedicated Problem-Solving Session:**
    *   **Define the Problem (Again, with Fresh Eyes):** With the crisis team, clearly articulate the obstacle and the unknown elements. Re-frame it as a specific challenge to overcome.
    *   **Brainstorm Solutions (Unfiltered):** Encourage open and creative thinking. No idea is too crazy at this stage. Use techniques like mind mapping or ""Six Thinking Hats"" to ensure diverse perspectives. What if we tried X? What if we completely re-imagined Y?
    *   **Analyze Options:** For each viable option, discuss:
        *   **Feasibility:** Can we actually do this?
        *   **Resources:** What people, time, money, and tools are needed?
        *   **Risks:** What new risks does this solution introduce?
        *   **Impact:** What is the likelihood of success? What is the potential benefit?
        *   **Pros and Cons:** A balanced view.

2.  **Develop a Provisional Plan (Even a Small One):**
    *   Given the lack of a procedure, you won't have a perfect solution immediately. The goal is a *path forward*.
    *   **Identify the ""First Step"":** What is the absolute next action that will move us closer to a solution or at least shed more light on the problem? It might be further investigation, a small test, contacting a specific vendor, or seeking an expert opinion.
    *   **Outline Key Milestones:** Even if it's just ""by end of day, we will know X; by tomorrow morning, we will have a proposal for Y.""
    *   **Assign Responsibilities:** Clearly state who owns what action and by when.

3.  **Make a Decision (Decisively, but Not Rashly):**
    *   As the project lead, you must ultimately make the call. Weigh the options, listen to your team, and then choose the path you believe is most prudent and effective.
    *   **Communicate the Decision:** Explain *why* this path was chosen, acknowledging other options considered. This builds trust and ownership.

---

### **Phase 4: Execute, Monitor & Adapt (The ""Steering the Ship"")**

1.  **Implement the Provisional Plan:**
    *   Energize the team. Focus on execution and achieving those initial milestones.
    *   **Lead by Example:** Be present, visible, and provide support. Remove roadblocks for your team.

2.  **Monitor Closely & Be Agile:**
    *   This is not a fixed plan. What you learn in the next few hours or days will likely change things.
    *   **Regular Check-ins:** Meet frequently with the crisis team to review progress, assess new information, and adjust the course as needed. *Ευελιξία* (flexibility) is critical.
    *   **Be Prepared to Pivot:** If the chosen path proves ineffective, don't cling to it out of stubbornness. Re-evaluate and be ready to try another solution.

3.  **Continuous Communication:**
    *   Keep senior management informed of progress, new findings, and any adjustments to the plan. No surprises.
    *   Keep the wider project team updated to maintain morale and focus.

---

### **Phase 5: Learn & Formalize (The ""Strengthening the Vessel"")**

1.  **Post-Crisis Review:** Once the immediate crisis is averted (or a stable path forward is established), conduct a thorough review.
    *   What happened?
    *   How did we respond?
    *   What worked well? What didn't?
    *   What lessons were learned?
    *   What new procedures or guidelines do we need to put in place to prevent this from happening again, or to handle it better if it does?

2.  **Update Procedures:** Ensure this ""new territory"" now has a map. Document the lessons and integrate them into your project management framework.

---

**Remember, my colleague, your role as the project lead is paramount.** Be the calm in the storm, the beacon of rational thought, and the anchor for your team. Show confidence, even if you don't have all the answers immediately. Your leadership during this period will not only define the outcome of the project but also strengthen the trust and capabilities of your team for future challenges.

We Greeks have a history of overcoming adversity. This is just another chapter. Good luck, and know that we stand by you.",,,,3,,
SCN_04_UAI_Singapore,"A project is facing a major, unexpected obstacle, and the path forward is completely unclear. There is no established procedure for this situation. How should the project lead proceed?",UAI,Singapore,"As a senior manager from Singapore, please provide advice on the following workplace situation:

A project is facing a major, unexpected obstacle, and the path forward is completely unclear. There is no established procedure for this situation. How should the project lead proceed?","This is precisely the kind of situation that defines true leadership. As a senior manager in Singapore, my advice to the Project Lead would focus on structured problem-solving, transparent communication, and decisive action, while fostering a collaborative and resilient team environment.

Here's how the Project Lead should proceed:

---

### Advice to the Project Lead: Navigating Uncharted Waters

This is a critical moment, not just for the project, but for your leadership. The absence of a pre-defined procedure is an opportunity to create one, demonstrating adaptability and strategic thinking.

**Phase 1: Immediate Containment & Assessment (The ""Stop, Breathe, Understand"" Phase)**

1.  **Halt & Stabilise (Where Possible):**
    *   Immediately pause any project activities directly impacted or that could be further jeopardised by this obstacle. Prevent the situation from worsening.
    *   Ensure the safety (physical, data, operational) of team members and assets if the obstacle poses such a risk.

2.  **Gather the Facts - Quickly & Accurately:**
    *   Convene your core project team and any relevant Subject Matter Experts (SMEs).
    *   Focus on **what happened**, **when**, **where**, and **who** was involved. Distinguish between facts, assumptions, and speculation.
    *   Avoid the blame game; the immediate goal is understanding.
    *   Document everything – this will be crucial for communication and future learning.

3.  **Assess the Immediate & Potential Impact:**
    *   **Scope:** How does this obstacle affect the project's deliverables? Is it a minor deviation or does it fundamentally challenge the project's purpose?
    *   **Schedule:** What is the immediate delay? What are the potential long-term delays?
    *   **Budget:** What are the direct costs of this obstacle? What are the potential costs of resolution or alternative paths?
    *   **Resources:** Are additional resources (human, technical, financial) required?
    *   **Quality/Risk:** Does this introduce new quality concerns or risks to the final output?
    *   **Business Objectives:** How does this impact the ultimate business value the project aims to deliver?

4.  **Initial Internal Communication:**
    *   Communicate openly and calmly with your direct project team. Acknowledge the severity of the situation without panicking.
    *   Reassure them that you are taking charge and developing a plan. Empower them to contribute to fact-finding and initial brainstorming.

**Phase 2: Collaborative Problem-Solving & Option Generation (The ""Brainstorm & Analyze"" Phase)**

5.  **Convene a Dedicated Task Force/Working Group:**
    *   This isn't just your project team. Identify key stakeholders and experts who can contribute to finding a solution. This might include:
        *   Senior technical specialists
        *   Legal counsel (if contracts or regulatory issues are involved)
        *   Finance representatives
        *   Operations or business unit leads
        *   Relevant external partners or vendors.
    *   Appoint someone to manage notes and actions for this group.

6.  **Root Cause Analysis & Brainstorming Solutions:**
    *   Lead a structured session (e.g., using ""5 Whys"" or a Fishbone diagram) to deeply understand *why* the obstacle occurred.
    *   Encourage open brainstorming for potential paths forward. No idea is too outlandish at this stage. Think creatively:
        *   *Workarounds:* Is there a temporary solution?
        *   *Mitigation:* Can the impact be reduced?
        *   *Alternative Approaches:* Is there another way to achieve the project objective?
        *   *Escalation:* Does this require a higher-level decision (e.g., changing corporate strategy)?
        *   *Pivot:* Should the project's scope be redefined or significantly altered?
        *   *Termination:* Is the project still viable or is it time to consider cancelling it? (A tough but sometimes necessary option).

7.  **Evaluate Options & Risk Analysis:**
    *   For each viable solution, conduct a mini-feasibility study:
        *   What are the Pros and Cons?
        *   What resources (time, money, people) are required?
        *   What are the new risks introduced by this solution?
        *   What is the likelihood of success?
        *   What are the implications for the original project objectives?

**Phase 3: Strategic Communication & Decision (The ""Communicate & Act"" Phase)**

8.  **Proactive Stakeholder Management (Crucial for Singapore Context):**
    *   **Identify all impacted stakeholders:** Senior management, functional heads, clients/customers, regulators, partners.
    *   **Craft a clear, concise, and transparent communication plan.** This is where your leadership shines. Don't wait for them to find out.
    *   **The Message:**
        *   Acknowledge the major obstacle.
        *   State the facts clearly and without emotion.
        *   Explain the immediate steps taken (containment, assessment).
        *   Outline the *process* being followed to find a solution (e.g., ""We've assembled a cross-functional team and are evaluating several options..."").
        *   Manage expectations: ""We anticipate needing X time to present a concrete path forward.""
        *   **Crucially, frame it as a challenge being actively addressed, not an unsolvable problem.**

9.  **Present Options & Seek Guidance/Approval:**
    *   Prepare a concise presentation for senior management or the project steering committee.
    *   Clearly articulate the problem, the options identified, your analysis of each, and your *recommended* path forward, with justification.
    *   Be ready to answer tough questions and demonstrate that you've thought through the implications.
    *   Seek formal approval for the chosen path, especially given the lack of an established procedure.

10. **Revise Project Plan & Communicate Broadly:**
    *   Once a decision is made, update the project plan (scope, schedule, budget, resources) to reflect the new path forward.
    *   Communicate the revised plan and the chosen solution to all relevant stakeholders. Be clear about the new timelines and expectations.

**Phase 4: Execution, Monitoring & Learning (The ""Sustain & Improve"" Phase)**

11. **Implement & Monitor Closely:**
    *   Execute the new plan with diligence.
    *   Establish clear milestones and frequent check-ins to monitor progress and identify any new issues early.
    *   Be prepared to adapt again if the chosen path encounters its own unforeseen challenges.

12. **Contingency Planning:**
    *   Even with a new plan, consider what *could still go wrong*. Develop mini-contingency plans for the most critical elements of the revised approach.

13. **Post-Mortem & Lessons Learned:**
    *   Once the obstacle is resolved (or significantly mitigated), conduct a thorough post-mortem.
    *   What led to the obstacle? What worked well in your response? What could have been done better?
    *   **Crucially, formalise new procedures or update existing risk registers and project management frameworks.** This situation *must* contribute to organisational learning and resilience.
    *   Share these lessons across the organisation.

14. **Recognise & Rebuild Team Morale:**
    *   A major obstacle can be demoralising. Acknowledge the hard work and stress your team has endured. Celebrate their resilience and contributions to finding a solution.

---

This situation is a test of your capabilities, Project Lead. Embrace the challenge with a structured, transparent, and collaborative approach. Your ability to navigate this ambiguity will not only save the project but also significantly enhance your standing as a leader within the organisation, embodying the pragmatism and problem-solving ethos valued in Singapore.",,,,3,,
SCN_05_LTO_Default,"A company has the opportunity to invest in a new, sustainable technology that will be very expensive in the short term but is projected to yield significant rewards and market leadership in 10-15 years. Should they make the investment?",LTO,Default,"Please provide advice on the following workplace situation:

A company has the opportunity to invest in a new, sustainable technology that will be very expensive in the short term but is projected to yield significant rewards and market leadership in 10-15 years. Should they make the investment?","This is a classic strategic dilemma, balancing short-term financial pressures with long-term vision and market positioning. There's no simple ""yes"" or ""no"" answer without more information, but here's a comprehensive framework to guide the company's decision:

## Should the Company Invest in New, Sustainable Technology?

**The short answer:** They should seriously consider it, but only after a rigorous evaluation of various factors. This is less a financial decision and more a strategic one that will define the company's future.

---

### Key Factors to Evaluate Before Deciding:

**1. Financial Health & Capacity:**
*   **Current Cash Flow & Reserves:** Can the company absorb the significant short-term cost without jeopardizing ongoing operations, R&D for current products, or critical liquidity?
*   **Debt Capacity:** Would taking on debt for this investment be manageable, and at what cost?
*   **Opportunity Cost:** What other profitable opportunities or essential investments would be foregone by allocating this capital?
*   **Tolerance for Long ROI:** Is the company's board, investors, and management genuinely prepared for a 10-15 year return on investment horizon? Many companies struggle with such long timelines.

**2. Strategic Alignment & Vision:**
*   **Core Mission & Values:** Does this investment align with the company's stated mission, vision, and values? Is ""sustainability"" already a part of their brand identity or a desired future state?
*   **Future-Proofing:** How critical is this technology to remaining relevant in 10-15 years? What's the ""cost of inaction"" (e.g., obsolescence, loss of market share to sustainable competitors, increased regulatory burden later)?
*   **Market Position:** Will this solidify existing market leadership or create new leadership? Is it defensive (protecting against disruption) or offensive (seeking new growth)?

**3. Market & Competitive Landscape:**
*   **Reliability of Projections:** How robust are the projections for ""significant rewards and market leadership"" in 10-15 years? Who developed them, and what assumptions underpin them?
*   **Emerging Trends:** Are consumers, regulators, and other industry players demonstrably shifting towards sustainable solutions? Is this a wave or a ripple?
*   **Competitive Advantage:** What specifically about this technology will make it proprietary or difficult for competitors to replicate quickly? Is it truly unique, or will others likely develop similar solutions within the 10-15 year window?
*   **First-Mover Advantage:** Will being an early adopter grant significant competitive advantages (e.g., patent portfolio, brand recognition, talent attraction, standard-setting)? What are the risks of being *too* early (e.g., technology not mature, market not ready)?

**4. Technological & Operational Readiness:**
*   **Technology Maturity:** Is the technology proven, or is there significant R&D risk involved? What's the likelihood of unforeseen technical hurdles?
*   **Internal Capabilities:** Does the company have the necessary talent, expertise, and infrastructure to develop, implement, and scale this technology? If not, how will they acquire it (hire, partner, acquire)?
*   **Supply Chain & Operations:** How will this impact existing supply chains, manufacturing processes, or service delivery? What adjustments will be required?

**5. Risk Assessment:**
*   **Technological Risk:** The technology fails to perform as expected, becomes obsolete faster than anticipated, or is too expensive to scale.
*   **Market Risk:** Market demand doesn't materialize, consumer preferences shift, or competitors offer a better/cheaper alternative.
*   **Regulatory Risk:** Future regulations might favor a *different* sustainable technology, or changes could make this investment less attractive.
*   **Financial Risk:** The company runs out of capital, misses projections, or the long ROI strains investor patience.
*   **Reputational Risk:** What if they invest, fail, and it damages their brand? Conversely, what if they *don't* invest and are seen as environmentally irresponsible?

**6. Stakeholder Alignment:**
*   **Board & Shareholders:** Do key investors and the board support a long-term strategic play with a deferred return, potentially impacting short-term profitability or dividends?
*   **Employees:** How will this affect employee morale, recruitment, and retention? Will it inspire them or create uncertainty?
*   **Customers:** Will customers be willing to pay a premium (initially, if necessary) for the sustainable solution?

---

### Recommended Approach:

1.  **Detailed Due Diligence:** Go beyond the projections. Commission independent market research, technology feasibility studies, and financial modeling.
2.  **Scenario Planning:** Model best-case, worst-case, and most-likely scenarios for the next 15 years, including financial outcomes, market share, and competitive responses.
3.  **Phased Investment (If Possible):** Can the investment be broken down into stages? For example, an initial R&D phase, followed by a pilot project, then scaling. This allows for reassessment and reduces immediate upfront risk.
4.  **Secure Leadership Buy-in:** Ensure the executive team and board are fully committed to the long-term vision, understanding the financial implications and potential challenges.
5.  **Develop a Robust Communication Strategy:** Be prepared to explain the rationale to investors, employees, and the market. Highlight the strategic imperative and long-term value creation.
6.  **Consider Partnerships:** Could a joint venture with a technology specialist or another company help share the cost, risk, and expertise?

---

### Conclusion:

Investing in expensive, long-term sustainable technology is a **bold and potentially transformative move.** It moves the company from merely participating in the market to shaping its future. If successful, it could yield unparalleled market leadership, strong brand equity, attract top talent, and create a highly defensible competitive position.

However, the 10-15 year ROI period means this is not a decision to be taken lightly or based solely on financial projections. It's a fundamental **strategic commitment** that requires robust financial capacity, strong leadership, a deep understanding of future market trends, and a willingness to accept significant short-term costs and risks for a potentially massive long-term payoff. The company must be absolutely convinced that this is the path to its enduring relevance and prosperity.",,,,,3,
SCN_05_LTO_China,"A company has the opportunity to invest in a new, sustainable technology that will be very expensive in the short term but is projected to yield significant rewards and market leadership in 10-15 years. Should they make the investment?",LTO,China,"As a senior manager from China, please provide advice on the following workplace situation:

A company has the opportunity to invest in a new, sustainable technology that will be very expensive in the short term but is projected to yield significant rewards and market leadership in 10-15 years. Should they make the investment?","非常好，这是一个兼具战略性与挑战性的关键决策。作为一名来自中国的资深管理者，我非常理解这种在短期成本与长期收益之间权衡的复杂性，尤其是在面对前沿的、可持续技术时。

我的建议是：**公司应强烈倾向于进行这项投资，但前提是必须进行极其严谨和全面的尽职调查、风险评估，并制定明确的实施与退出策略。**

以下是我基于中国管理经验和对战略投资的理解，提供的一些具体建议和需要考虑的因素：

---

**核心理念：放眼长远，国家战略导向，把握历史机遇**

在中国，我们深知“十年树木，百年树人”的道理。对于高科技和可持续发展领域的投资，尤其需要这种长远的战略眼光。国家层面也在大力推动绿色发展和科技自立自强，这类投资往往能获得政策、资金等多方面的支持。市场领导地位的获得，往往需要前期巨大的投入和耐心。

---

**一、 战略层面考量 (Strategic Alignment & Vision)**

1.  **与公司愿景和使命的高度契合：** 投资这种可持续技术是否能巩固或重新定义公司未来的核心竞争力？它是否符合公司成为行业领导者的长期愿景？
2.  **市场领导地位的定义：** “市场领导地位”具体意味着什么？是技术标准制定者？是市场份额最大者？是品牌影响力最强者？对这些目标的清晰定义有助于衡量未来的成功。
3.  **行业趋势与未来发展：** 这种可持续技术是否代表了行业未来的发展方向？是颠覆性创新还是渐进式改良？如果错过，未来是否会被同行甩开？中国在新能源、数字经济等领域快速崛起，正是得益于早期对前沿技术的战略性投入。
4.  **第一性原理思考：** 从最根本的逻辑出发，这种技术是否解决了未来社会或行业最核心的需求和痛点？

**二、 财务可行性与风险评估 (Financial Viability & Risk Assessment)**

1.  **短期现金流冲击承受能力：** “非常昂贵”具体有多昂贵？公司目前的现金储备、营运资金、负债率等能否承受这笔投入的短期压力？是否会影响到现有业务的正常运营和利润表现？
2.  **融资方案：** 除了自有资金，是否有其他融资渠道？
    *   **政府支持：** 在中国，可持续技术项目通常能获得政府的研发补贴、低息贷款、税收优惠等政策支持。务必充分了解并争取。
    *   **战略投资方：** 寻求与该技术领域相关的战略投资方或风险投资基金合作，共同分担风险，引入外部资源和专业知识。
    *   **银行贷款：** 评估银行对这类长期、高科技项目的支持意愿和条件。
3.  **收益预测的可靠性：** 10-15年后的“显著回报”和“市场领导地位”是如何量化和预测的？
    *   **敏感性分析：** 对关键变量（市场增长率、成本、销售价格、竞争程度）进行敏感性分析，评估在不同情景下的收益变化。
    *   **折现率与净现值 (NPV) / 内部收益率 (IRR)：** 考虑到10-15年的漫长周期，需要选择合适的折现率来评估项目的真实价值。同时，计算项目的IRR，与公司设定的最低回报率进行比较。
4.  **技术风险：**
    *   **技术成熟度：** 这项技术目前处于哪个阶段（研发、中试、小规模量产）？是否存在技术瓶颈或失败的风险？
    *   **技术迭代速度：** 在10-15年间，这项技术是否会被更先进的技术取代或淘汰？如何保持技术的领先性？
    *   **知识产权：** 能否有效保护自己的知识产权，防止被竞争对手模仿？
5.  **市场风险：**
    *   **市场接受度：** 新技术是否能被市场和消费者广泛接受？这需要时间来教育和推广。
    *   **竞争格局：** 未来10-15年，是否有其他竞争者进入该领域？他们可能采取何种策略？
    *   **法规政策风险：** 未来政府对可持续技术的政策导向是否会发生变化？

**三、 实施与运营能力 (Execution & Operational Capability)**

1.  **核心团队与人才储备：** 公司是否有足够的技术专家、研发人员、市场推广人才来实施和管理这个项目？如果不足，如何引进、培养或通过合作弥补？
2.  **管理机制：** 是否能建立高效的项目管理和风险控制机制，确保项目按计划推进？需要明确的里程碑和评估节点。
3.  **供应链与生态系统：** 这种新技术的开发和应用是否需要建立新的供应链或产业生态系统？公司是否有能力整合这些资源？
4.  **分阶段投入策略：** 考虑到高昂的短期成本和漫长的回报周期，能否采取分阶段投入的策略？例如，先投入研发，再进行小规模试产，根据市场反馈逐步扩大投资。这有助于分散风险，避免一次性巨额投入。

**四、 股东与社会责任 (Stakeholder & ESG Considerations)**

1.  **股东沟通：** 如何向股东解释这项投资的战略意义和长期价值，以及短期内可能对利润和股价带来的影响？需要做好预期管理和长期价值的宣传。
2.  **企业社会责任 (ESG)：** 投资可持续技术与当前全球和中国的ESG（环境、社会和公司治理）理念高度契合。这不仅能提升公司品牌形象，可能还会吸引更多负责任的长期投资者。
3.  **员工激励：** 这类前瞻性项目往往能激发员工的创新热情和使命感。如何设计激励机制以留住核心人才，并提升整个组织的士气？

---

**总结与决策建议：**

这项投资无疑是公司寻求未来增长和领导地位的“战略性赌注”。我的建议是：

*   **立即组建一个由公司高层领导、财务、技术、市场、法务等多部门专家组成的跨职能项目组。**
*   **进行为期3-6个月的深度尽职调查。** 这包括对技术本身的成熟度、市场潜力、竞争分析、财务模型进行最严苛的评估。
*   **重点关注政府支持政策和潜在的战略合作伙伴。** 中国的市场环境和政策导向对这类投资非常有利。
*   **设计详细的实施路线图和分阶段投入计划。** 明确每个阶段的目标、预算、风险点和退出机制。
*   **在充分论证和风险可控的前提下，果断进行投资。** 在中国，我们常说“机不可失，时不再来”。对于引领未来的关键技术，犹豫可能意味着失去先机。短期阵痛是为换取长期繁荣的必要代价。

如果一切评估都指向积极，那么这笔投资将不仅仅是财务回报，更是公司实现可持续发展、建立行业壁垒、赢得未来市场领导地位的关键一步。",,,,,3,
SCN_05_LTO_Nigeria,"A company has the opportunity to invest in a new, sustainable technology that will be very expensive in the short term but is projected to yield significant rewards and market leadership in 10-15 years. Should they make the investment?",LTO,Nigeria,"As a senior manager from Nigeria, please provide advice on the following workplace situation:

A company has the opportunity to invest in a new, sustainable technology that will be very expensive in the short term but is projected to yield significant rewards and market leadership in 10-15 years. Should they make the investment?","Ah, this is the kind of strategic dilemma that truly tests a leadership team! A golden opportunity wrapped in a significant financial challenge. From my vantage point as a senior manager in Nigeria, I understand the delicate balance between short-term survival and long-term vision, especially in our dynamic economic landscape.

My initial advice is a **resounding ""Yes, this is likely an investment worth making,"" but it must be approached with meticulous due diligence, robust risk mitigation strategies, and a clear understanding of our current financial realities and future aspirations.**

Here's a breakdown of my reasoning and the critical factors to consider:

### Why ""Yes, but...""

1.  **Future-Proofing & Market Leadership:** 10-15 years for market leadership in a *sustainable* technology is a significant prize. The world is unequivocally moving towards sustainability. Investing now positions the company as a pioneer, allowing us to define standards, capture early market share, and build brand equity that will be invaluable. Waiting means playing catch-up, which is often more expensive and less rewarding.

2.  **Competitive Advantage:** This isn't just about market share; it's about developing a unique competitive edge. Once established, this technology could create high barriers to entry for competitors, giving us a sustained period of dominance.

3.  **ESG & Reputation:** In today's global economy, Environmental, Social, and Governance (ESG) factors are paramount. Investing in sustainable technology significantly boosts our ESG profile, making us more attractive to ethically-minded investors, talent, and customers. It enhances our social license to operate, which is crucial in Nigeria.

4.  **Long-Term Profitability:** While expensive upfront, ""significant rewards"" imply high margins, reduced operational costs (potentially from resource efficiency), and new revenue streams. The cost of *not* investing could be market irrelevance down the line.

5.  **Access to ""Green"" Funding:** There's a growing pool of impact investors, development finance institutions (DFIs), and green bonds specifically targeting sustainable projects. This could unlock funding opportunities that traditional projects wouldn't qualify for.

### Critical Considerations & Due Diligence (Before You Sign Anything!)

Before making the final decision, a deep dive into the following areas is non-negotiable:

1.  **Financial Health & Funding Strategy:**
    *   **Stress Test:** Can our current cash flow absorb the short-term expense without jeopardizing existing operations? What level of debt can we comfortably service?
    *   **Funding Mix:** Explore various options: internal capital, traditional debt, equity (potential strategic partners?), blended finance, green bonds, DFI funding (e.g., AfDB, IFC) which often come with favourable terms for sustainable projects.
    *   **Scenario Planning:** Model best-case, worst-case, and most-likely scenarios for ROI, cash flow, and market adoption over the 10-15 year period. What's the impact if the technology takes longer to mature or costs more?
    *   **Break-Even Analysis:** When do we realistically expect to recoup the initial investment?

2.  **Market & Technology Due Diligence:**
    *   **Technology Maturity:** How proven is this technology? Is it still in early development, or has it been piloted successfully elsewhere? What are the risks of obsolescence or unexpected challenges?
    *   **Market Acceptance:** Is there a clear demand for this sustainable technology in our target markets (local, regional, international)? Have we engaged potential customers? What's the education curve for adoption?
    *   **Competitive Landscape:** Who else is looking at this? Are there other players on the horizon with similar or even superior technologies?
    *   **Intellectual Property (IP):** What are our rights to the technology? Is it proprietary, or will it become widely available, eroding our competitive edge?

3.  **Operational Readiness & Capability:**
    *   **Skills Gap:** Do we have the internal talent to implement, operate, and maintain this technology? If not, what's the plan for training, recruitment, or partnerships?
    *   **Infrastructure:** Does our existing infrastructure (power, logistics, digital) support this new technology, especially within the Nigerian context? Are there additional infrastructure investments required?
    *   **Supply Chain:** What are the supply chain implications for the new technology? Are the necessary raw materials or components readily available and stable?
    *   **Change Management:** How will this impact existing operations, processes, and our workforce? A clear change management plan is vital for successful integration.

4.  **Risk Management Framework:**
    *   **Technology Risk:** Failure, underperformance, rapid obsolescence.
    *   **Market Risk:** Lower-than-expected adoption, competitive response.
    *   **Financial Risk:** Cost overruns, ROI not met, currency fluctuation impact on imported components/financing (a significant factor in Nigeria).
    *   **Regulatory & Political Risk:** Changes in government policy, incentives, or even political stability that could affect long-term projections. (Crucial for Nigeria!)
    *   **Contingency Plans:** What are our exit strategies or pivot points if things don't go as planned?

5.  **Stakeholder Engagement:**
    *   **Board Buy-in:** Crucial for a long-term investment. They need to understand and support the vision and the associated risks.
    *   **Investors:** Manage expectations regarding short-term profitability vs. long-term strategic growth.
    *   **Government & Regulatory Bodies:** Engage early to understand potential incentives, permits, and to ensure alignment with national development goals (e.g., renewable energy targets, industrialisation). This can unlock significant support.
    *   **Community:** For projects in Nigeria, social license is key. How will this benefit local communities (jobs, skills, environmental improvements)?

### The Nigerian Context - Special Emphasis

As a senior manager from Nigeria, I must stress the following:

*   **Economic Volatility:** The 10-15 year timeframe is long in a market subject to currency fluctuations, inflation, and commodity price changes. Build in significant buffers and hedging strategies where possible.
*   **Infrastructure Deficit:** Account for potential costs and delays related to power supply, logistics, and skilled labour availability.
*   **Policy Stability:** While governments encourage innovation, policy consistency over such a long period can be a concern. Seek robust legal frameworks and perhaps engage with multiple levels of government.
*   **Social Impact & Local Content:** Frame the investment not just as a business opportunity but also as a contribution to national development – job creation, skills transfer, local manufacturing opportunities. This enhances goodwill and reduces regulatory friction.

### Recommendation for Action:

1.  **Assemble a Cross-Functional Task Force:** Include finance, operations, R&D, legal, marketing, and strategy.
2.  **Conduct a Comprehensive Feasibility Study:** This isn't just a basic business plan; it's a deep dive into all the considerations mentioned above, with external expert consultation where necessary.
3.  **Develop a Phased Investment Plan:** Can the investment be broken down into stages, with decision gates at each stage, allowing for reassessment as the market and technology evolve? Perhaps a pilot project first?
4.  **Secure Funding Commitments:** Before committing fully, ensure the long-term funding strategy is robust and secured.
5.  **Develop a Detailed Risk Mitigation Plan:** For every identified risk, have a clear strategy to manage or mitigate it.

**Conclusion:**

This isn't merely an investment; it's a statement of intent, a commitment to the future, and a strategic move to secure our place at the forefront of the market. The rewards are significant enough to warrant serious consideration. However, such a bold step demands equally bold, meticulous planning, due diligence, and a clear-eyed understanding of the challenges, particularly within our unique Nigerian operating environment. If done correctly, this could be the defining decision that propels our company to unprecedented heights.",,,,,3,
SCN_06_IVR_Default,"The company has had a moderately successful year. The leadership team is deciding whether to give all employees a small, immediate cash bonus (Indulgence) or reinvest the entire amount into job security and training programs (Restraint). Which is the better choice?",IVR,Default,"Please provide advice on the following workplace situation:

The company has had a moderately successful year. The leadership team is deciding whether to give all employees a small, immediate cash bonus (Indulgence) or reinvest the entire amount into job security and training programs (Restraint). Which is the better choice?","This is a classic dilemma, and there's no single ""better"" choice without understanding more about the company's specific context, culture, and immediate challenges. Both options have significant pros and cons.

Here's a breakdown to help the leadership team make an informed decision:

---

### Understanding Each Option

**Option A: Small, Immediate Cash Bonus (Indulgence)**

*   **Pros:**
    *   **Immediate Morale Boost:** Employees receive a tangible reward directly tied to their efforts, which can instantly make them feel appreciated and recognized.
    *   **Short-term Motivation:** Can create a positive buzz and encourage continued effort for a period.
    *   **Direct Financial Benefit:** For some employees, even a small bonus can make a meaningful difference in their personal finances.
    *   **Simple & Transparent:** Easy to understand and distribute.

*   **Cons:**
    *   **Short-Lived Impact:** The ""high"" of a small cash bonus can fade quickly, often within a few weeks or a month.
    *   **Expectation Setting:** Employees might come to expect a bonus every successful year, leading to disappointment if it's not offered in the future.
    *   **Potential for Feeling Insignificant:** If the bonus is truly ""small,"" some employees might feel it's tokenistic rather than genuinely valuable, especially if they perceive the company as having done *very* well.
    *   **Doesn't Address Root Issues:** Doesn't improve skills, career prospects, or long-term company resilience.
    *   **Tax Implications:** Both for the employee and the company.

**Option B: Reinvest into Job Security and Training Programs (Restraint)**

*   **Pros:**
    *   **Long-term Employee Value:** Training enhances skills, making employees more valuable to the company and improving their career prospects (internal mobility, promotability).
    *   **True Job Security:** A more skilled and adaptable workforce makes the company more resilient and competitive, reducing the likelihood of future layoffs.
    *   **Increased Company Capability:** Enhanced skills lead to innovation, efficiency, and better overall performance.
    *   **Strategic Investment:** Positions the company for future success, adapting to market changes and technological advancements.
    *   **Reduced Turnover (Potentially):** Employees who feel invested in and see opportunities for growth are often more loyal.
    *   **Meaningful Growth:** Demonstrates a commitment to employee development and a sustainable future for the company.

*   **Cons:**
    *   **No Immediate Gratification:** Employees don't see an immediate, tangible reward. This can lead to resentment if not communicated extremely well.
    *   **Perception of ""Leadership Keeping the Money"":** If poorly communicated, employees might feel leadership is being stingy or hoarding profits.
    *   **Requires Effort from Employees:** Training programs require time and effort, which some employees may resist, especially if they don't see the immediate benefit or connection to their current role.
    *   **Implementation Challenges:** Training programs need to be well-designed, relevant, and effectively delivered to be truly beneficial.
    *   **Benefits Are Not Universal:** Not all employees may utilize or benefit equally from training opportunities.

---

### Key Factors to Consider When Deciding

1.  **Current Employee Morale & Sentiment:**
    *   Are employees feeling underappreciated or undervalued right now? A bonus could address an immediate emotional need.
    *   Are they feeling insecure about their roles or futures? Job security initiatives would be more powerful.
    *   Is there a general sense of fatigue or burnout? A bonus might be a quick pick-me-up.

2.  **Skill Gaps & Future Business Needs:**
    *   Does the company have clear skill deficiencies that training could address?
    *   Is the industry evolving rapidly, requiring new skills for future competitiveness?
    *   Are there opportunities to cross-train employees to increase flexibility and redundancy?

3.  **Company Culture & Expectations:**
    *   What is the historical precedent? Has the company given bonuses in moderately successful years before? Breaking a tradition without strong justification can be detrimental.
    *   Does the culture prioritize short-term rewards or long-term growth and development?

4.  **Clarity & Quality of ""Job Security and Training Programs"":**
    *   Is there a concrete plan for these programs, or is it a vague promise?
    *   Will the training be relevant, high-quality, and accessible to *all* employees?
    *   How will ""job security"" be tangibly demonstrated? (e.g., through upskilling, cross-training, internal mobility programs). A vague promise will fall flat.

5.  **The ""Smallness"" of the Bonus:**
    *   How small is ""small""? If it's truly negligible (e.g., $50), its positive impact will be minimal and could even be perceived negatively. If it's something more substantial (e.g., a few hundred dollars), its impact will be greater.

6.  **Communication Strategy:**
    *   *Crucial for both options.* How will the decision be announced and justified? Transparency and a clear explanation of *why* the chosen path was taken are essential.

---

### Recommendation: The Hybrid or Strategic Approach

In most cases, for a ""moderately successful year,"" the **Restraint (reinvestment) option is generally the stronger long-term strategic choice** as it builds capability, resilience, and *true* job security. However, it *must* be executed and communicated exceptionally well to avoid immediate morale issues.

**Here's how to make it the better choice, or how to blend it:**

1.  **Lean Towards Restraint, But Communicate Powerfully:**
    *   **Focus on the ""Why"":** Explain that while a bonus is tempting, leadership believes in investing in *them* and *their future*. Frame the investment directly as a benefit to employees.
    *   **Make it Tangible:** Don't just say ""job security."" Announce specific new training courses, mentorship programs, tuition reimbursement expansions, or initiatives to cross-train for new roles within the company.
    *   **Connect to Performance:** Explain that enhancing skills makes the company stronger, more competitive, and therefore more stable, leading to more sustainable jobs and potentially larger rewards in future *very* successful years.
    *   **Show Immediate Impact (where possible):** Can you launch some training initiatives almost immediately after the announcement?

2.  **Consider a *Small* Hybrid Approach:**
    *   If the ""small, immediate cash bonus"" is truly tiny and the reinvestment is substantial, perhaps allocate a *very* small portion to a token cash thank-you (e.g., a gift card, a company merchandise item, or a small, non-taxable recognition) *alongside* the announcement of significant investment in training and security. This acknowledges immediate effort while focusing on the future.
    *   **Example:** ""Instead of a traditional cash bonus this year, we're investing X amount into your professional development and the long-term security of our company. To thank you for your hard work, please accept this [small token/gift card] as a personal gesture of our appreciation, while the bulk of our success is being reinvested to empower your growth and build a stronger future for all of us.""

3.  **Reinforce with Non-Monetary Recognition:**
    *   Regardless of the choice, ensure there are robust non-monetary recognition programs in place (e.g., shout-outs, awards, opportunities for visibility, personalized thank-you notes from leadership). These can often have a longer-lasting impact than a small cash bonus.

---

### Conclusion

For a ""moderately successful year,"" prioritizing **Restraint** by investing in job security and training programs is often the **better choice for long-term health and employee development**, but only if:

*   **The investment is meaningful, well-planned, and relevant.**
*   **The decision is communicated with extreme clarity, empathy, and transparency**, directly linking the investment to employee benefit and future success.
*   **It aligns with the company's long-term vision and employee needs.**

If leadership believes immediate, tangible recognition is critical for current morale, then a very thoughtful hybrid approach or robust non-monetary recognition should accompany the strategic investment. The worst outcome would be to give a bonus so small it feels insulting, or to invest in training that nobody wants or needs, creating resentment either way.",,,,,,3
SCN_06_IVR_Mexico,"The company has had a moderately successful year. The leadership team is deciding whether to give all employees a small, immediate cash bonus (Indulgence) or reinvest the entire amount into job security and training programs (Restraint). Which is the better choice?",IVR,Mexico,"As a senior manager from Mexico, please provide advice on the following workplace situation:

The company has had a moderately successful year. The leadership team is deciding whether to give all employees a small, immediate cash bonus (Indulgence) or reinvest the entire amount into job security and training programs (Restraint). Which is the better choice?","Mi estimado colega,

This is a classic dilemma that leadership teams face, especially after a year that's been ""moderately successful"" – good enough to consider a bonus, but not so spectacular that the coffers are overflowing. As a senior manager from Mexico, I've seen both approaches and can tell you that the long-term impact on our people and our organization is what truly matters.

My advice is clear: **Reinvesting the entire amount into job security and training programs (Restraint) is unequivocally the better long-term strategic choice.**

Let me elaborate on why, from both a business and a human perspective, particularly relevant in our cultural context:

### Why ""Restraint"" (Job Security & Training) is Superior:

1.  **Long-Term Vision & Sustainable Growth:**
    *   A small, immediate cash bonus, while momentarily appreciated, is fleeting. It's spent, and the feeling quickly dissipates. It doesn't build any lasting value for the employee or the company.
    *   Investing in training and skill development, however, creates a more capable, adaptable, and valuable workforce. This enhances the company's competitive edge and prepares us for future challenges and opportunities, ensuring more sustained success.

2.  **Employee Value Proposition (EVP) & Retention:**
    *   In Mexico, stability and opportunities for personal and professional growth are highly valued. By investing in training, you're telling your employees, ""We believe in you, we want you to grow with us, and we are committed to your future."" This builds loyalty, reduces turnover, and makes the company a more attractive place to work.
    *   Job security, especially in today's dynamic global economy, is a powerful motivator and anxiety reducer. Demonstrating a commitment to it, not just in words but in actions (e.g., by not splurging on short-term gains but fortifying positions), builds immense trust and dedication.

3.  **Building a Culture of Investment, Not Entitlement:**
    *   A one-off cash bonus, if not carefully managed, can set a precedent. Employees might begin to expect it every year, and if it's not given, it can lead to disappointment and resentment, negating its initial positive effect.
    *   Investing in training and security fosters a culture where employees understand that their growth and the company's future are intertwined. They see tangible benefits in their enhanced skills and career progression, which is far more empowering than a temporary cash injection.

4.  **Addressing the ""Moderately Successful"" Context:**
    *   A moderately successful year means we're doing well, but there's room for improvement and strengthening. This is the perfect time to reinforce our foundations. It's not the moment for lavish indulgence, but for strategic fortification.
    *   This investment can turn ""moderately successful"" into ""highly successful"" in the years to come by improving efficiency, innovation, and overall performance.

### The Pitfalls of ""Indulgence"" (Small Cash Bonus):

1.  **Short-Lived Impact:** The ""feel-good"" factor of a small bonus is very short-lived. It doesn't create lasting engagement or fundamental change in motivation.
2.  **Insignificant Amount:** If the bonus is truly ""small,"" some employees might even feel it's tokenistic or, worse, that the company undervalues their contributions.
3.  **No Lasting Value:** It doesn't equip employees with new skills, improve their career prospects within the company, or address any underlying concerns about job stability.

### The CRITICAL Success Factor: Communication

While the ""Restraint"" option is strategically superior, its success hinges entirely on **how it is communicated**. Without proper communication, it could be perceived negatively as leadership holding back.

Here's how to communicate it effectively:

1.  **Transparency and Honesty:**
    *   Explain openly that the leadership team considered a cash bonus but collectively decided to make a more impactful, long-term investment *in them*.
    *   Share the company's moderately successful performance and the strategic thinking behind the decision.

2.  **Emphasize ""Investment IN YOU"":**
    *   Position it as a direct investment in *their* personal and professional development, *their* future career growth within the company, and *their* long-term job security.
    *   Explain *how* the training programs will benefit them directly (e.g., ""These courses will help you master new software, prepare you for supervisory roles, or enhance your problem-solving skills"").

3.  **Highlight the Link to Future Rewards:**
    *   Connect the training to potential for promotions, increased responsibilities, and ultimately, higher compensation in the future *because* they will be more skilled and valuable.
    *   Explain how job security means a more stable future for them and their families.

4.  **Be Specific About Programs:**
    *   Don't just say ""training."" Announce concrete programs, partnerships with educational institutions, internal mentorship initiatives, or certification opportunities. Show them what's coming.

5.  **Listen to Feedback:**
    *   Provide channels for employees to ask questions and give feedback. Be prepared to address concerns with empathy and clear explanations.

### Considering a Hybrid (If Absolutely Necessary):

If there's a strong concern about immediate morale and the *entire* amount is significant enough to make a real difference in the training budget, you *could* consider a very small, symbolic token of appreciation (e.g., a nice team lunch, a personalized thank-you note from leadership, an extra half-day off for everyone) *in addition to* the major investment in training and security. However, this should be carefully weighed against diluting the message of long-term investment. My preference remains to put 100% into the long-term strategy and focus communication there.

### Conclusion:

Mi estimado colega, this isn't just a financial decision; it's a statement about our values as a company. Choosing to invest in our people's skills and their security demonstrates a commitment that far outlasts any cash bonus. It builds a stronger, more resilient company and a more engaged, capable workforce. With clear, empathetic, and strategic communication, this choice will be seen not as ""restraint,"" but as profound foresight and leadership.

Mucho éxito con la decisión.",,,,,,3
SCN_06_IVR_Russia,"The company has had a moderately successful year. The leadership team is deciding whether to give all employees a small, immediate cash bonus (Indulgence) or reinvest the entire amount into job security and training programs (Restraint). Which is the better choice?",IVR,Russia,"As a senior manager from Russia, please provide advice on the following workplace situation:

The company has had a moderately successful year. The leadership team is deciding whether to give all employees a small, immediate cash bonus (Indulgence) or reinvest the entire amount into job security and training programs (Restraint). Which is the better choice?","Dobry den. This is a classic dilemma, one that leadership faces often, especially in environments where prudence and long-term vision are paramount. From my perspective as a senior manager from Russia, the choice is clear, and it leans heavily towards **Restraint**.

Let me explain my reasoning.

**Analyzing ""Indulgence"" (Small, Immediate Cash Bonus):**

*   **Short-lived Impact:** A small cash bonus, while momentarily pleasing, is quickly absorbed into daily expenses. Its positive psychological effect is fleeting. It's a sugar rush, not sustained energy.
*   **Minimal Financial Impact:** If the bonus is truly ""small,"" will it significantly change an employee's financial situation? Unlikely. It might even feel like an insignificant gesture, rather than a true reward for a year of work.
*   **Expectation Setting:** Providing a bonus, even a small one, can set a precedent. Employees might come to expect it every year, irrespective of company performance or global economic conditions. When it's not given, it can lead to disappointment and resentment, negating any prior goodwill.
*   **Lack of Strategic Value:** A bonus does not enhance skills, improve company resilience, or build long-term value. It's a cost, not an investment.

**Analyzing ""Restraint"" (Reinvesting into Job Security and Training Programs):**

This is the path of true leadership and strategic thinking, particularly in a moderately successful year where resources are not overflowing.

1.  **True Job Security:** In today's dynamic world, true job security comes not just from a stable company, but from a skilled and adaptable workforce.
    *   **Skills Development:** Training programs directly enhance employees' capabilities, making them more valuable to the company and more resilient in their careers. It's an investment in human capital, which is our most critical asset.
    *   **Company Competitiveness:** A highly trained workforce leads to increased efficiency, innovation, and better service/products, which in turn strengthens the company's market position and, by extension, the long-term stability of everyone's job.
    *   **Adaptability:** Training equips employees to handle future challenges, new technologies, and evolving market demands, ensuring their relevance within the organization.

2.  **Long-Term Loyalty and Morale:** While a bonus is immediate, the impact of investing in job security and training resonates much deeper:
    *   **Feeling Valued:** Employees recognize when a company invests in *their future* rather than just offering a quick payout. This fosters a sense of being valued and respected, leading to deeper loyalty.
    *   **Career Growth:** Opportunities for learning and development are often more motivating than a small cash sum. It shows a clear path for advancement and personal growth.
    *   **Reduced Anxiety:** Knowing the company is actively working to secure their future, both through financial stability and enhanced skills, significantly reduces employee anxiety and encourages focus.

**The Crucial Element: Communication**

The decision to choose ""Restraint"" must be communicated with absolute clarity, transparency, and conviction.

*   **Explain the ""Why"":** Do not simply announce that there will be no bonus. Explain *why* this decision was made. Articulate the company's commitment to long-term stability, employee development, and future growth.
*   **Highlight the Benefits:** Clearly lay out the specific training programs, development opportunities, and how these investments will directly benefit individual employees and secure their positions within the company.
*   **Acknowledge Effort:** Still, recognize and thank employees for their contributions to the ""moderately successful year."" Reassure them that their hard work is valued.
*   **Connect to Vision:** Link these investments to the company's strategic vision and how they will make the organization stronger and more resilient for the future.

**Conclusion:**

A ""small, immediate cash bonus"" is a fleeting gesture. Reinvesting in job security and training is an act of foresight and responsible leadership. It demonstrates a commitment to building a stronger, more capable, and more secure future for both the company and its most valuable resource: its people. In our challenging global environment, pragmatism, stability, and strategic investment are not merely good ideas; they are necessities.

Go with Restraint, but communicate it like a true leader.",,,,,,3
